[
{
    "fields": {
        "model": "logentry",
        "name": "log entry",
        "app_label": "admin"
    },
    "model": "contenttypes.contenttype",
    "pk": 1
},
{
    "fields": {
        "model": "permission",
        "name": "permission",
        "app_label": "auth"
    },
    "model": "contenttypes.contenttype",
    "pk": 2
},
{
    "fields": {
        "model": "group",
        "name": "group",
        "app_label": "auth"
    },
    "model": "contenttypes.contenttype",
    "pk": 3
},
{
    "fields": {
        "model": "user",
        "name": "user",
        "app_label": "auth"
    },
    "model": "contenttypes.contenttype",
    "pk": 4
},
{
    "fields": {
        "model": "contenttype",
        "name": "content type",
        "app_label": "contenttypes"
    },
    "model": "contenttypes.contenttype",
    "pk": 5
},
{
    "fields": {
        "model": "session",
        "name": "session",
        "app_label": "sessions"
    },
    "model": "contenttypes.contenttype",
    "pk": 6
},
{
    "fields": {
        "model": "level",
        "name": "level",
        "app_label": "caluny"
    },
    "model": "contenttypes.contenttype",
    "pk": 7
},
{
    "fields": {
        "model": "student",
        "name": "student",
        "app_label": "caluny"
    },
    "model": "contenttypes.contenttype",
    "pk": 8
},
{
    "fields": {
        "model": "teacher",
        "name": "teacher",
        "app_label": "caluny"
    },
    "model": "contenttypes.contenttype",
    "pk": 9
},
{
    "fields": {
        "model": "course",
        "name": "course",
        "app_label": "caluny"
    },
    "model": "contenttypes.contenttype",
    "pk": 10
},
{
    "fields": {
        "model": "university",
        "name": "university",
        "app_label": "caluny"
    },
    "model": "contenttypes.contenttype",
    "pk": 11
},
{
    "fields": {
        "model": "school",
        "name": "school",
        "app_label": "caluny"
    },
    "model": "contenttypes.contenttype",
    "pk": 12
},
{
    "fields": {
        "model": "degree",
        "name": "degree",
        "app_label": "caluny"
    },
    "model": "contenttypes.contenttype",
    "pk": 13
},
{
    "fields": {
        "model": "subject",
        "name": "subject",
        "app_label": "caluny"
    },
    "model": "contenttypes.contenttype",
    "pk": 14
},
{
    "fields": {
        "model": "extratitle",
        "name": "extra title",
        "app_label": "caluny"
    },
    "model": "contenttypes.contenttype",
    "pk": 15
},
{
    "fields": {
        "model": "teachingsubject",
        "name": "teaching subject",
        "app_label": "caluny"
    },
    "model": "contenttypes.contenttype",
    "pk": 16
},
{
    "fields": {
        "model": "exam",
        "name": "exam",
        "app_label": "caluny"
    },
    "model": "contenttypes.contenttype",
    "pk": 17
},
{
    "fields": {
        "model": "timetable",
        "name": "timetable",
        "app_label": "caluny"
    },
    "model": "contenttypes.contenttype",
    "pk": 18
},
{
    "fields": {
        "model": "courselabel",
        "name": "course label",
        "app_label": "caluny"
    },
    "model": "contenttypes.contenttype",
    "pk": 19
},
{
    "fields": {
        "model": "semesterdate",
        "name": "semester date",
        "app_label": "caluny"
    },
    "model": "contenttypes.contenttype",
    "pk": 20
},
{
    "fields": {
        "model": "token",
        "name": "token",
        "app_label": "authtoken"
    },
    "model": "contenttypes.contenttype",
    "pk": 21
},
{
    "fields": {
        "expire_date": "2014-10-19T21:34:39.920Z",
        "session_data": "NDU1NDgzMzI2OTc0MmE5Yjc5ZGQwYWY2NjFhYjA0MmMwMzllOTlkNjp7Il9hdXRoX3VzZXJfaGFzaCI6IjBmZWM3Mjg1NTFjZmMyYWIyZTMzN2UzZjQ0ZTM1MGJlMDFhNzE2YTciLCJfYXV0aF91c2VyX2JhY2tlbmQiOiJkamFuZ28uY29udHJpYi5hdXRoLmJhY2tlbmRzLk1vZGVsQmFja2VuZCIsIl9hdXRoX3VzZXJfaWQiOjF9"
    },
    "model": "sessions.session",
    "pk": "24njt8e47li7xm21o37kizewdfmcsa1b"
},
{
    "fields": {
        "expire_date": "2014-11-10T18:20:31.856Z",
        "session_data": "Y2JkMjcyYTdkYjRmYmU4ZDlmYmU4NWExNGVhYzY5ZGJkNzllMTZiZjp7fQ=="
    },
    "model": "sessions.session",
    "pk": "3afoa49aocdvmlrqammc62hvgehigvv5"
},
{
    "fields": {
        "expire_date": "2014-09-29T18:49:04.629Z",
        "session_data": "NDU1NDgzMzI2OTc0MmE5Yjc5ZGQwYWY2NjFhYjA0MmMwMzllOTlkNjp7Il9hdXRoX3VzZXJfaGFzaCI6IjBmZWM3Mjg1NTFjZmMyYWIyZTMzN2UzZjQ0ZTM1MGJlMDFhNzE2YTciLCJfYXV0aF91c2VyX2JhY2tlbmQiOiJkamFuZ28uY29udHJpYi5hdXRoLmJhY2tlbmRzLk1vZGVsQmFja2VuZCIsIl9hdXRoX3VzZXJfaWQiOjF9"
    },
    "model": "sessions.session",
    "pk": "8nvp6si152g1u49dvl6f058hfda8ik26"
},
{
    "fields": {
        "expire_date": "2014-09-08T18:46:42.177Z",
        "session_data": "NDU1NDgzMzI2OTc0MmE5Yjc5ZGQwYWY2NjFhYjA0MmMwMzllOTlkNjp7Il9hdXRoX3VzZXJfaGFzaCI6IjBmZWM3Mjg1NTFjZmMyYWIyZTMzN2UzZjQ0ZTM1MGJlMDFhNzE2YTciLCJfYXV0aF91c2VyX2JhY2tlbmQiOiJkamFuZ28uY29udHJpYi5hdXRoLmJhY2tlbmRzLk1vZGVsQmFja2VuZCIsIl9hdXRoX3VzZXJfaWQiOjF9"
    },
    "model": "sessions.session",
    "pk": "94kmlpw92nss72pofv2e2it3n25tbkek"
},
{
    "fields": {
        "expire_date": "2014-11-15T12:53:17.418Z",
        "session_data": "MmRhMDI4YWI1OTMyY2QzODI0YWJhZTY0NDA5Y2I0YjFkNGJiMmJmODp7Il9hdXRoX3VzZXJfaGFzaCI6IjBmZWM3Mjg1NTFjZmMyYWIyZTMzN2UzZjQ0ZTM1MGJlMDFhNzE2YTciLCJfYXV0aF91c2VyX2lkIjoxLCJfYXV0aF91c2VyX2JhY2tlbmQiOiJkamFuZ28uY29udHJpYi5hdXRoLmJhY2tlbmRzLk1vZGVsQmFja2VuZCJ9"
    },
    "model": "sessions.session",
    "pk": "dxl0ebqyvws5jxclvd9hdqs2iq257312"
},
{
    "fields": {
        "expire_date": "2014-11-09T11:56:16.984Z",
        "session_data": "NDU1NDgzMzI2OTc0MmE5Yjc5ZGQwYWY2NjFhYjA0MmMwMzllOTlkNjp7Il9hdXRoX3VzZXJfaGFzaCI6IjBmZWM3Mjg1NTFjZmMyYWIyZTMzN2UzZjQ0ZTM1MGJlMDFhNzE2YTciLCJfYXV0aF91c2VyX2JhY2tlbmQiOiJkamFuZ28uY29udHJpYi5hdXRoLmJhY2tlbmRzLk1vZGVsQmFja2VuZCIsIl9hdXRoX3VzZXJfaWQiOjF9"
    },
    "model": "sessions.session",
    "pk": "qvwrqy2hliblnvfzen6tk3adtyb6f9jo"
},
{
    "fields": {
        "year_name": "1\u00ba"
    },
    "model": "caluny.level",
    "pk": 1
},
{
    "fields": {
        "year_name": "2\u00ba"
    },
    "model": "caluny.level",
    "pk": 2
},
{
    "fields": {
        "year_name": "3\u00ba"
    },
    "model": "caluny.level",
    "pk": 3
},
{
    "fields": {
        "year_name": "4\u00ba"
    },
    "model": "caluny.level",
    "pk": 4
},
{
    "fields": {
        "city": "M\u00e1laga",
        "name": "Universidad de M\u00e1laga",
        "address": "Avda. Cervantes, 2, 29071"
    },
    "model": "caluny.university",
    "pk": 1
},
{
    "fields": {
        "university": 1,
        "name": "Facultad de Derecho",
        "address": null
    },
    "model": "caluny.school",
    "pk": 8
},
{
    "fields": {
        "university": 1,
        "name": "Escuela T\u00e9cnica Superior de Ingenier\u00eda Inform\u00e1tica",
        "address": null
    },
    "model": "caluny.school",
    "pk": 9
},
{
    "fields": {
        "university": 1,
        "name": "Escuela Polit\u00e9cnica Superior",
        "address": null
    },
    "model": "caluny.school",
    "pk": 10
},
{
    "fields": {
        "school": 8,
        "title": "Graduado/a en Derecho"
    },
    "model": "caluny.degree",
    "pk": 27
},
{
    "fields": {
        "school": 8,
        "title": "Graduado/a en Criminolog\u00eda"
    },
    "model": "caluny.degree",
    "pk": 28
},
{
    "fields": {
        "school": 9,
        "title": "Graduado/a en Ingenier\u00eda del Software"
    },
    "model": "caluny.degree",
    "pk": 29
},
{
    "fields": {
        "school": 9,
        "title": "Graduado/a en Ingenier\u00eda Inform\u00e1tica"
    },
    "model": "caluny.degree",
    "pk": 30
},
{
    "fields": {
        "school": 9,
        "title": "Graduado/a en Ingenier\u00eda de la Salud"
    },
    "model": "caluny.degree",
    "pk": 31
},
{
    "fields": {
        "school": 9,
        "title": "Graduado/a en Ingenier\u00eda de Computadores"
    },
    "model": "caluny.degree",
    "pk": 32
},
{
    "fields": {
        "school": 10,
        "title": "Graduado/a en Ingenier\u00eda Electr\u00f3nica Industrial + Graduado/a en Ingenier\u00eda El\u00e9ctrica"
    },
    "model": "caluny.degree",
    "pk": 33
},
{
    "fields": {
        "school": 10,
        "title": "Graduado/a en Ingenier\u00eda El\u00e9ctrica + Graduado/a en Ingenier\u00eda Mec\u00e1nica"
    },
    "model": "caluny.degree",
    "pk": 34
},
{
    "fields": {
        "school": 10,
        "title": "Graduado/a en Ingenier\u00eda en Dise\u00f1o Industrial y Desarrollo del Producto"
    },
    "model": "caluny.degree",
    "pk": 35
},
{
    "fields": {
        "school": 10,
        "title": "Graduado/a en Ingenier\u00eda Electr\u00f3nica Industrial"
    },
    "model": "caluny.degree",
    "pk": 36
},
{
    "fields": {
        "school": 10,
        "title": "Graduado/a en Ingenier\u00eda Mec\u00e1nica + Graduado/a en Ingenier\u00eda en Dise\u00f1o Industrial y Desarrollo del Producto"
    },
    "model": "caluny.degree",
    "pk": 37
},
{
    "fields": {
        "school": 10,
        "title": "Graduado/a en Ingenier\u00eda Mec\u00e1nica"
    },
    "model": "caluny.degree",
    "pk": 38
},
{
    "fields": {
        "school": 10,
        "title": "Graduado/a en Ingenier\u00eda El\u00e9ctrica"
    },
    "model": "caluny.degree",
    "pk": 39
},
{
    "fields": {
        "level": null,
        "code": 212,
        "description": null,
        "degree": 27,
        "title": "Procedimientos Tributarios"
    },
    "model": "caluny.subject",
    "pk": 1293
},
{
    "fields": {
        "level": null,
        "code": 210,
        "description": null,
        "degree": 27,
        "title": "Derecho Pol\u00edtico de las Comunidades Aut\u00f3nomas"
    },
    "model": "caluny.subject",
    "pk": 1294
},
{
    "fields": {
        "level": null,
        "code": 211,
        "description": null,
        "degree": 27,
        "title": "Instituciones Jur\u00eddicas Hist\u00f3ricas"
    },
    "model": "caluny.subject",
    "pk": 1295
},
{
    "fields": {
        "level": null,
        "code": 407,
        "description": null,
        "degree": 27,
        "title": "Proceso Penal y Derechos Fundamentales"
    },
    "model": "caluny.subject",
    "pk": 1296
},
{
    "fields": {
        "level": null,
        "code": 406,
        "description": null,
        "degree": 27,
        "title": "Fiscalidad Internacional"
    },
    "model": "caluny.subject",
    "pk": 1297
},
{
    "fields": {
        "level": null,
        "code": 404,
        "description": null,
        "degree": 27,
        "title": "Derecho de Da\u00f1os"
    },
    "model": "caluny.subject",
    "pk": 1298
},
{
    "fields": {
        "level": null,
        "code": 403,
        "description": null,
        "degree": 27,
        "title": "Trabajo Fin de Grado"
    },
    "model": "caluny.subject",
    "pk": 1299
},
{
    "fields": {
        "level": null,
        "code": 402,
        "description": null,
        "degree": 27,
        "title": "Pr\u00e1cticas II"
    },
    "model": "caluny.subject",
    "pk": 1300
},
{
    "fields": {
        "level": null,
        "code": 401,
        "description": null,
        "degree": 27,
        "title": "Derecho Internacional Privado"
    },
    "model": "caluny.subject",
    "pk": 1301
},
{
    "fields": {
        "level": null,
        "code": 408,
        "description": null,
        "degree": 27,
        "title": "Relaciones Laborales en la Empresa"
    },
    "model": "caluny.subject",
    "pk": 1302
},
{
    "fields": {
        "level": null,
        "code": 414,
        "description": null,
        "degree": 27,
        "title": "Derecho Inmobiliario Registral"
    },
    "model": "caluny.subject",
    "pk": 1303
},
{
    "fields": {
        "level": null,
        "code": 415,
        "description": null,
        "degree": 27,
        "title": "Ordenaci\u00f3n del Territorio, Urbanismo y Medio Ambiente"
    },
    "model": "caluny.subject",
    "pk": 1304
},
{
    "fields": {
        "level": null,
        "code": 416,
        "description": null,
        "degree": 27,
        "title": "Procesos Especiales y Especialidades de los Procesos Ordinarios Civiles y Penales"
    },
    "model": "caluny.subject",
    "pk": 1305
},
{
    "fields": {
        "level": null,
        "code": 410,
        "description": null,
        "degree": 27,
        "title": "Delitos Socioecon\u00f3micos y Contra la Administraci\u00f3n P\u00fablica"
    },
    "model": "caluny.subject",
    "pk": 1306
},
{
    "fields": {
        "level": null,
        "code": 411,
        "description": null,
        "degree": 27,
        "title": "Derecho Constitucional Europeo y Comparado"
    },
    "model": "caluny.subject",
    "pk": 1307
},
{
    "fields": {
        "level": null,
        "code": 412,
        "description": null,
        "degree": 27,
        "title": "Derecho de los Mercados Financieros"
    },
    "model": "caluny.subject",
    "pk": 1308
},
{
    "fields": {
        "level": null,
        "code": 308,
        "description": null,
        "degree": 27,
        "title": "Pr\u00e1cticas I"
    },
    "model": "caluny.subject",
    "pk": 1309
},
{
    "fields": {
        "level": null,
        "code": 310,
        "description": null,
        "degree": 27,
        "title": "Organizaciones Internacionales"
    },
    "model": "caluny.subject",
    "pk": 1310
},
{
    "fields": {
        "level": null,
        "code": 110,
        "description": null,
        "degree": 27,
        "title": "Filosof\u00eda del Derecho"
    },
    "model": "caluny.subject",
    "pk": 1311
},
{
    "fields": {
        "level": null,
        "code": 301,
        "description": null,
        "degree": 27,
        "title": "Derecho Administrativo II"
    },
    "model": "caluny.subject",
    "pk": 1312
},
{
    "fields": {
        "level": null,
        "code": 201,
        "description": null,
        "degree": 27,
        "title": "Ciencia Pol\u00edtica"
    },
    "model": "caluny.subject",
    "pk": 1313
},
{
    "fields": {
        "level": null,
        "code": 309,
        "description": null,
        "degree": 27,
        "title": "Derecho Administrativo Econ\u00f3mico"
    },
    "model": "caluny.subject",
    "pk": 1314
},
{
    "fields": {
        "level": null,
        "code": 203,
        "description": null,
        "degree": 27,
        "title": "Derecho Comunitario"
    },
    "model": "caluny.subject",
    "pk": 1315
},
{
    "fields": {
        "level": null,
        "code": 202,
        "description": null,
        "degree": 27,
        "title": "Derecho Administrativo I"
    },
    "model": "caluny.subject",
    "pk": 1316
},
{
    "fields": {
        "level": null,
        "code": 205,
        "description": null,
        "degree": 27,
        "title": "Derecho Financiero I"
    },
    "model": "caluny.subject",
    "pk": 1317
},
{
    "fields": {
        "level": null,
        "code": 204,
        "description": null,
        "degree": 27,
        "title": "Derecho Constitucional II"
    },
    "model": "caluny.subject",
    "pk": 1318
},
{
    "fields": {
        "level": null,
        "code": 207,
        "description": null,
        "degree": 27,
        "title": "Derecho Mercantil I"
    },
    "model": "caluny.subject",
    "pk": 1319
},
{
    "fields": {
        "level": null,
        "code": 206,
        "description": null,
        "degree": 27,
        "title": "Derecho Civil II"
    },
    "model": "caluny.subject",
    "pk": 1320
},
{
    "fields": {
        "level": null,
        "code": 209,
        "description": null,
        "degree": 27,
        "title": "Derecho de los Consumidores y Condiciones Generales de la Contrataci\u00f3n"
    },
    "model": "caluny.subject",
    "pk": 1321
},
{
    "fields": {
        "level": null,
        "code": 208,
        "description": null,
        "degree": 27,
        "title": "Derecho Penal I"
    },
    "model": "caluny.subject",
    "pk": 1322
},
{
    "fields": {
        "level": null,
        "code": 302,
        "description": null,
        "degree": 27,
        "title": "Derecho Financiero II"
    },
    "model": "caluny.subject",
    "pk": 1323
},
{
    "fields": {
        "level": null,
        "code": 303,
        "description": null,
        "degree": 27,
        "title": "Derecho Mercantil II"
    },
    "model": "caluny.subject",
    "pk": 1324
},
{
    "fields": {
        "level": null,
        "code": 304,
        "description": null,
        "degree": 27,
        "title": "Derecho Procesal Civil y Penal"
    },
    "model": "caluny.subject",
    "pk": 1325
},
{
    "fields": {
        "level": null,
        "code": 305,
        "description": null,
        "degree": 27,
        "title": "Derecho Civil III"
    },
    "model": "caluny.subject",
    "pk": 1326
},
{
    "fields": {
        "level": null,
        "code": 306,
        "description": null,
        "degree": 27,
        "title": "Derecho del Trabajo y de la Seguridad Social"
    },
    "model": "caluny.subject",
    "pk": 1327
},
{
    "fields": {
        "level": null,
        "code": 307,
        "description": null,
        "degree": 27,
        "title": "Derecho Penal II"
    },
    "model": "caluny.subject",
    "pk": 1328
},
{
    "fields": {
        "level": null,
        "code": 108,
        "description": null,
        "degree": 27,
        "title": "Derecho Procesal"
    },
    "model": "caluny.subject",
    "pk": 1329
},
{
    "fields": {
        "level": null,
        "code": 109,
        "description": null,
        "degree": 27,
        "title": "Econom\u00eda"
    },
    "model": "caluny.subject",
    "pk": 1330
},
{
    "fields": {
        "level": null,
        "code": 102,
        "description": null,
        "degree": 27,
        "title": "Derecho Romano"
    },
    "model": "caluny.subject",
    "pk": 1331
},
{
    "fields": {
        "level": null,
        "code": 103,
        "description": null,
        "degree": 27,
        "title": "Derecho y Factor Religioso"
    },
    "model": "caluny.subject",
    "pk": 1332
},
{
    "fields": {
        "level": null,
        "code": 101,
        "description": null,
        "degree": 27,
        "title": "Derecho Constitucional I"
    },
    "model": "caluny.subject",
    "pk": 1333
},
{
    "fields": {
        "level": null,
        "code": 106,
        "description": null,
        "degree": 27,
        "title": "Derecho Civil I"
    },
    "model": "caluny.subject",
    "pk": 1334
},
{
    "fields": {
        "level": null,
        "code": 107,
        "description": null,
        "degree": 27,
        "title": "Derecho Internacional P\u00fablico"
    },
    "model": "caluny.subject",
    "pk": 1335
},
{
    "fields": {
        "level": null,
        "code": 104,
        "description": null,
        "degree": 27,
        "title": "Historia del Derecho"
    },
    "model": "caluny.subject",
    "pk": 1336
},
{
    "fields": {
        "level": null,
        "code": 105,
        "description": null,
        "degree": 27,
        "title": "Sociolog\u00eda Jur\u00eddica"
    },
    "model": "caluny.subject",
    "pk": 1337
},
{
    "fields": {
        "level": null,
        "code": 201,
        "description": null,
        "degree": 28,
        "title": "Derecho Penal. Parte General"
    },
    "model": "caluny.subject",
    "pk": 1338
},
{
    "fields": {
        "level": null,
        "code": 308,
        "description": null,
        "degree": 28,
        "title": "Justicia Reparadora y Mediaci\u00f3n"
    },
    "model": "caluny.subject",
    "pk": 1339
},
{
    "fields": {
        "level": null,
        "code": 203,
        "description": null,
        "degree": 28,
        "title": "Penolog\u00eda"
    },
    "model": "caluny.subject",
    "pk": 1340
},
{
    "fields": {
        "level": null,
        "code": 202,
        "description": null,
        "degree": 28,
        "title": "Fundamentos de Derecho P\u00fablico"
    },
    "model": "caluny.subject",
    "pk": 1341
},
{
    "fields": {
        "level": null,
        "code": 205,
        "description": null,
        "degree": 28,
        "title": "Victimolog\u00eda"
    },
    "model": "caluny.subject",
    "pk": 1342
},
{
    "fields": {
        "level": null,
        "code": 204,
        "description": null,
        "degree": 28,
        "title": "T\u00e9cnicas de Investigaci\u00f3n en Criminolog\u00eda"
    },
    "model": "caluny.subject",
    "pk": 1343
},
{
    "fields": {
        "level": null,
        "code": 207,
        "description": null,
        "degree": 28,
        "title": "Ejecuci\u00f3n de Penas y Medidas de Seguridad"
    },
    "model": "caluny.subject",
    "pk": 1344
},
{
    "fields": {
        "level": null,
        "code": 206,
        "description": null,
        "degree": 28,
        "title": "Derecho Penal. Parte Especial"
    },
    "model": "caluny.subject",
    "pk": 1345
},
{
    "fields": {
        "level": null,
        "code": 209,
        "description": null,
        "degree": 28,
        "title": "Socio-Legal English"
    },
    "model": "caluny.subject",
    "pk": 1346
},
{
    "fields": {
        "level": null,
        "code": 208,
        "description": null,
        "degree": 28,
        "title": "Psicopatolog\u00eda del Comportamiento Delictivo"
    },
    "model": "caluny.subject",
    "pk": 1347
},
{
    "fields": {
        "level": null,
        "code": 302,
        "description": null,
        "degree": 28,
        "title": "Formas Espec\u00edficas de la Criminalidad"
    },
    "model": "caluny.subject",
    "pk": 1348
},
{
    "fields": {
        "level": null,
        "code": 303,
        "description": null,
        "degree": 28,
        "title": "M\u00e9todos Estad\u00edsticos Avanzados en Criminolog\u00eda"
    },
    "model": "caluny.subject",
    "pk": 1349
},
{
    "fields": {
        "level": null,
        "code": 304,
        "description": null,
        "degree": 28,
        "title": "Polic\u00eda Cient\u00edfica"
    },
    "model": "caluny.subject",
    "pk": 1350
},
{
    "fields": {
        "level": null,
        "code": 305,
        "description": null,
        "degree": 28,
        "title": "Predicci\u00f3n y Prevenci\u00f3n de la Delincuencia"
    },
    "model": "caluny.subject",
    "pk": 1351
},
{
    "fields": {
        "level": null,
        "code": 306,
        "description": null,
        "degree": 28,
        "title": "Delincuencia y Responsabilidad Penal de Menores"
    },
    "model": "caluny.subject",
    "pk": 1352
},
{
    "fields": {
        "level": null,
        "code": 307,
        "description": null,
        "degree": 28,
        "title": "Intervenci\u00f3n Social y Educativa con Delincuentes"
    },
    "model": "caluny.subject",
    "pk": 1353
},
{
    "fields": {
        "level": null,
        "code": 108,
        "description": null,
        "degree": 28,
        "title": "Instituciones de Control Social y Penal"
    },
    "model": "caluny.subject",
    "pk": 1354
},
{
    "fields": {
        "level": null,
        "code": 109,
        "description": null,
        "degree": 28,
        "title": "Medicina Legal"
    },
    "model": "caluny.subject",
    "pk": 1355
},
{
    "fields": {
        "level": null,
        "code": 110,
        "description": null,
        "degree": 28,
        "title": "Teor\u00edas de la Criminalidad"
    },
    "model": "caluny.subject",
    "pk": 1356
},
{
    "fields": {
        "level": null,
        "code": 102,
        "description": null,
        "degree": 28,
        "title": "Introducci\u00f3n a la Criminolog\u00eda"
    },
    "model": "caluny.subject",
    "pk": 1357
},
{
    "fields": {
        "level": null,
        "code": 103,
        "description": null,
        "degree": 28,
        "title": "Metodolog\u00eda e Investigaci\u00f3n en Ciencias Sociales"
    },
    "model": "caluny.subject",
    "pk": 1358
},
{
    "fields": {
        "level": null,
        "code": 309,
        "description": null,
        "degree": 28,
        "title": "Programas de Tratamiento con Delincuentes"
    },
    "model": "caluny.subject",
    "pk": 1359
},
{
    "fields": {
        "level": null,
        "code": 101,
        "description": null,
        "degree": 28,
        "title": "Antropolog\u00eda Social"
    },
    "model": "caluny.subject",
    "pk": 1360
},
{
    "fields": {
        "level": null,
        "code": 106,
        "description": null,
        "degree": 28,
        "title": "Derecho Constitucional"
    },
    "model": "caluny.subject",
    "pk": 1361
},
{
    "fields": {
        "level": null,
        "code": 107,
        "description": null,
        "degree": 28,
        "title": "Estad\u00edstica"
    },
    "model": "caluny.subject",
    "pk": 1362
},
{
    "fields": {
        "level": null,
        "code": 104,
        "description": null,
        "degree": 28,
        "title": "Psicolog\u00eda Criminal"
    },
    "model": "caluny.subject",
    "pk": 1363
},
{
    "fields": {
        "level": null,
        "code": 105,
        "description": null,
        "degree": 28,
        "title": "Sociolog\u00eda Criminal"
    },
    "model": "caluny.subject",
    "pk": 1364
},
{
    "fields": {
        "level": null,
        "code": 414,
        "description": null,
        "degree": 28,
        "title": "Trabajo Fin de Grado"
    },
    "model": "caluny.subject",
    "pk": 1365
},
{
    "fields": {
        "level": null,
        "code": 210,
        "description": null,
        "degree": 28,
        "title": "Tanatolog\u00eda y Toxicolog\u00eda Forense"
    },
    "model": "caluny.subject",
    "pk": 1366
},
{
    "fields": {
        "level": null,
        "code": 415,
        "description": null,
        "degree": 28,
        "title": "Practicas Externas II"
    },
    "model": "caluny.subject",
    "pk": 1367
},
{
    "fields": {
        "level": null,
        "code": 407,
        "description": null,
        "degree": 28,
        "title": "Psicolog\u00eda de las Organizaciones Policial, Judicial y Penitenciaria"
    },
    "model": "caluny.subject",
    "pk": 1368
},
{
    "fields": {
        "level": null,
        "code": 406,
        "description": null,
        "degree": 28,
        "title": "Pol\u00edticas de Seguridad P\u00fablica y Privada"
    },
    "model": "caluny.subject",
    "pk": 1369
},
{
    "fields": {
        "level": null,
        "code": 405,
        "description": null,
        "degree": 28,
        "title": "Pol\u00edtica Criminal"
    },
    "model": "caluny.subject",
    "pk": 1370
},
{
    "fields": {
        "level": null,
        "code": 404,
        "description": null,
        "degree": 28,
        "title": "G\u00e9nero y Violencia"
    },
    "model": "caluny.subject",
    "pk": 1371
},
{
    "fields": {
        "level": null,
        "code": 310,
        "description": null,
        "degree": 28,
        "title": "Psicolog\u00eda Jur\u00eddica"
    },
    "model": "caluny.subject",
    "pk": 1372
},
{
    "fields": {
        "level": null,
        "code": 402,
        "description": null,
        "degree": 28,
        "title": "Econom\u00eda del Delito y Comportamiento Criminal"
    },
    "model": "caluny.subject",
    "pk": 1373
},
{
    "fields": {
        "level": null,
        "code": 401,
        "description": null,
        "degree": 28,
        "title": "Drogodependencias"
    },
    "model": "caluny.subject",
    "pk": 1374
},
{
    "fields": {
        "level": null,
        "code": 301,
        "description": null,
        "degree": 28,
        "title": "Derecho Procesal Penal"
    },
    "model": "caluny.subject",
    "pk": 1375
},
{
    "fields": {
        "level": null,
        "code": 410,
        "description": null,
        "degree": 28,
        "title": "Cooperaci\u00f3n Internacional contra la Delincuencia Transnacional"
    },
    "model": "caluny.subject",
    "pk": 1376
},
{
    "fields": {
        "level": null,
        "code": 412,
        "description": null,
        "degree": 28,
        "title": "Medios de Comunicaci\u00f3n, Opini\u00f3n P\u00fablica y Violencia"
    },
    "model": "caluny.subject",
    "pk": 1377
},
{
    "fields": {
        "level": null,
        "code": 409,
        "description": null,
        "degree": 28,
        "title": "Practicas Externas I"
    },
    "model": "caluny.subject",
    "pk": 1378
},
{
    "fields": {
        "level": null,
        "code": 411,
        "description": null,
        "degree": 28,
        "title": "Evaluaci\u00f3n de Programas y Pol\u00edticas P\u00fablicas"
    },
    "model": "caluny.subject",
    "pk": 1379
},
{
    "fields": {
        "level": null,
        "code": 210,
        "description": null,
        "degree": 29,
        "title": "Sistemas Operativos"
    },
    "model": "caluny.subject",
    "pk": 1380
},
{
    "fields": {
        "level": null,
        "code": 407,
        "description": null,
        "degree": 29,
        "title": "Procesamiento de Im\u00e1genes y Video"
    },
    "model": "caluny.subject",
    "pk": 1381
},
{
    "fields": {
        "level": null,
        "code": 406,
        "description": null,
        "degree": 29,
        "title": "M\u00e9todos formales para la Ingenier\u00eda del Software"
    },
    "model": "caluny.subject",
    "pk": 1382
},
{
    "fields": {
        "level": null,
        "code": 405,
        "description": null,
        "degree": 29,
        "title": "Ingenier\u00eda Web"
    },
    "model": "caluny.subject",
    "pk": 1383
},
{
    "fields": {
        "level": null,
        "code": 404,
        "description": null,
        "degree": 29,
        "title": "Gesti\u00f3n de Proyectos Software"
    },
    "model": "caluny.subject",
    "pk": 1384
},
{
    "fields": {
        "level": null,
        "code": 401,
        "description": null,
        "degree": 29,
        "title": "Arquitectura Cluster"
    },
    "model": "caluny.subject",
    "pk": 1385
},
{
    "fields": {
        "level": null,
        "code": 408,
        "description": null,
        "degree": 29,
        "title": "Programaci\u00f3n de Robots"
    },
    "model": "caluny.subject",
    "pk": 1386
},
{
    "fields": {
        "level": null,
        "code": 414,
        "description": null,
        "degree": 29,
        "title": "Calidad de Software"
    },
    "model": "caluny.subject",
    "pk": 1387
},
{
    "fields": {
        "level": null,
        "code": 415,
        "description": null,
        "degree": 29,
        "title": "Cognici\u00f3n y Comunicaci\u00f3n en Ingenier\u00eda del Software"
    },
    "model": "caluny.subject",
    "pk": 1388
},
{
    "fields": {
        "level": null,
        "code": 417,
        "description": null,
        "degree": 29,
        "title": "Electr\u00f3nica para Dom\u00f3tica"
    },
    "model": "caluny.subject",
    "pk": 1389
},
{
    "fields": {
        "level": null,
        "code": 410,
        "description": null,
        "degree": 29,
        "title": "Software para sistemas empotrados y dispositivos m\u00f3viles"
    },
    "model": "caluny.subject",
    "pk": 1390
},
{
    "fields": {
        "level": null,
        "code": 411,
        "description": null,
        "degree": 29,
        "title": "Teor\u00eda de la Informaci\u00f3n y la Codificaci\u00f3n"
    },
    "model": "caluny.subject",
    "pk": 1391
},
{
    "fields": {
        "level": null,
        "code": 413,
        "description": null,
        "degree": 29,
        "title": "Arquitecturas Virtuales"
    },
    "model": "caluny.subject",
    "pk": 1392
},
{
    "fields": {
        "level": null,
        "code": 418,
        "description": null,
        "degree": 29,
        "title": "Herramientas de Dise\u00f1o Electr\u00f3nico"
    },
    "model": "caluny.subject",
    "pk": 1393
},
{
    "fields": {
        "level": null,
        "code": 419,
        "description": null,
        "degree": 29,
        "title": "Proyectos y Legislaci\u00f3n"
    },
    "model": "caluny.subject",
    "pk": 1394
},
{
    "fields": {
        "level": null,
        "code": 319,
        "description": null,
        "degree": 29,
        "title": "Visi\u00f3n por Computador"
    },
    "model": "caluny.subject",
    "pk": 1395
},
{
    "fields": {
        "level": null,
        "code": 318,
        "description": null,
        "degree": 29,
        "title": "Tecnolog\u00edas de Aplicaciones Web"
    },
    "model": "caluny.subject",
    "pk": 1396
},
{
    "fields": {
        "level": null,
        "code": 312,
        "description": null,
        "degree": 29,
        "title": "Interfaces de Usuario"
    },
    "model": "caluny.subject",
    "pk": 1397
},
{
    "fields": {
        "level": null,
        "code": 311,
        "description": null,
        "degree": 29,
        "title": "Inteligencia Artificial para Juegos"
    },
    "model": "caluny.subject",
    "pk": 1398
},
{
    "fields": {
        "level": null,
        "code": 310,
        "description": null,
        "degree": 29,
        "title": "Ingenier\u00eda de Protocolos"
    },
    "model": "caluny.subject",
    "pk": 1399
},
{
    "fields": {
        "level": null,
        "code": 317,
        "description": null,
        "degree": 29,
        "title": "Seguridad en Servicios y Aplicaciones"
    },
    "model": "caluny.subject",
    "pk": 1400
},
{
    "fields": {
        "level": null,
        "code": 316,
        "description": null,
        "degree": 29,
        "title": "Programaci\u00f3n de Videojuegos"
    },
    "model": "caluny.subject",
    "pk": 1401
},
{
    "fields": {
        "level": null,
        "code": 314,
        "description": null,
        "degree": 29,
        "title": "Mantenimiento y Pruebas del Software"
    },
    "model": "caluny.subject",
    "pk": 1402
},
{
    "fields": {
        "level": null,
        "code": 110,
        "description": null,
        "degree": 29,
        "title": "Tecnolog\u00eda de Computadores"
    },
    "model": "caluny.subject",
    "pk": 1403
},
{
    "fields": {
        "level": null,
        "code": 421,
        "description": null,
        "degree": 29,
        "title": "Redes Inal\u00e1mbricas"
    },
    "model": "caluny.subject",
    "pk": 1404
},
{
    "fields": {
        "level": null,
        "code": 420,
        "description": null,
        "degree": 29,
        "title": "Pr\u00e1cticas Externas"
    },
    "model": "caluny.subject",
    "pk": 1405
},
{
    "fields": {
        "level": null,
        "code": 422,
        "description": null,
        "degree": 29,
        "title": "Trabajo Fin de Grado"
    },
    "model": "caluny.subject",
    "pk": 1406
},
{
    "fields": {
        "level": null,
        "code": 201,
        "description": null,
        "degree": 29,
        "title": "An\u00e1lisis y Dise\u00f1o de Algoritmos"
    },
    "model": "caluny.subject",
    "pk": 1407
},
{
    "fields": {
        "level": null,
        "code": 309,
        "description": null,
        "degree": 29,
        "title": "T\u00e9cnicas Computacionales para la Ingenier\u00eda del Software"
    },
    "model": "caluny.subject",
    "pk": 1408
},
{
    "fields": {
        "level": null,
        "code": 203,
        "description": null,
        "degree": 29,
        "title": "Estructura de Computadores"
    },
    "model": "caluny.subject",
    "pk": 1409
},
{
    "fields": {
        "level": null,
        "code": 202,
        "description": null,
        "degree": 29,
        "title": "Bases de Datos"
    },
    "model": "caluny.subject",
    "pk": 1410
},
{
    "fields": {
        "level": null,
        "code": 205,
        "description": null,
        "degree": 29,
        "title": "Teor\u00eda de Aut\u00f3matas y Lenguajes Formales"
    },
    "model": "caluny.subject",
    "pk": 1411
},
{
    "fields": {
        "level": null,
        "code": 204,
        "description": null,
        "degree": 29,
        "title": "Estructura de Datos"
    },
    "model": "caluny.subject",
    "pk": 1412
},
{
    "fields": {
        "level": null,
        "code": 207,
        "description": null,
        "degree": 29,
        "title": "Programaci\u00f3n de Sistemas y Concurrencia"
    },
    "model": "caluny.subject",
    "pk": 1413
},
{
    "fields": {
        "level": null,
        "code": 206,
        "description": null,
        "degree": 29,
        "title": "Introducci\u00f3n a la Ingenier\u00eda del Software"
    },
    "model": "caluny.subject",
    "pk": 1414
},
{
    "fields": {
        "level": null,
        "code": 209,
        "description": null,
        "degree": 29,
        "title": "Sistemas Inteligentes"
    },
    "model": "caluny.subject",
    "pk": 1415
},
{
    "fields": {
        "level": null,
        "code": 208,
        "description": null,
        "degree": 29,
        "title": "Redes y Sistemas Distribuidos"
    },
    "model": "caluny.subject",
    "pk": 1416
},
{
    "fields": {
        "level": null,
        "code": 302,
        "description": null,
        "degree": 29,
        "title": "Electr\u00f3nica Digital"
    },
    "model": "caluny.subject",
    "pk": 1417
},
{
    "fields": {
        "level": null,
        "code": 303,
        "description": null,
        "degree": 29,
        "title": "Gesti\u00f3n de la Informaci\u00f3n"
    },
    "model": "caluny.subject",
    "pk": 1418
},
{
    "fields": {
        "level": null,
        "code": 304,
        "description": null,
        "degree": 29,
        "title": "Ingenier\u00eda de Requisitos"
    },
    "model": "caluny.subject",
    "pk": 1419
},
{
    "fields": {
        "level": null,
        "code": 305,
        "description": null,
        "degree": 29,
        "title": "Modelado y Dise\u00f1o del Software"
    },
    "model": "caluny.subject",
    "pk": 1420
},
{
    "fields": {
        "level": null,
        "code": 108,
        "description": null,
        "degree": 29,
        "title": "Organizaci\u00f3n Empresarial"
    },
    "model": "caluny.subject",
    "pk": 1421
},
{
    "fields": {
        "level": null,
        "code": 109,
        "description": null,
        "degree": 29,
        "title": "Programaci\u00f3n Orientada a Objetos"
    },
    "model": "caluny.subject",
    "pk": 1422
},
{
    "fields": {
        "level": null,
        "code": 102,
        "description": null,
        "degree": 29,
        "title": "Fundamentos F\u00edsicos de la Inform\u00e1tica"
    },
    "model": "caluny.subject",
    "pk": 1423
},
{
    "fields": {
        "level": null,
        "code": 103,
        "description": null,
        "degree": 29,
        "title": "Fundamentos de Electr\u00f3nica"
    },
    "model": "caluny.subject",
    "pk": 1424
},
{
    "fields": {
        "level": null,
        "code": 101,
        "description": null,
        "degree": 29,
        "title": "C\u00e1lculo para la Computaci\u00f3n"
    },
    "model": "caluny.subject",
    "pk": 1425
},
{
    "fields": {
        "level": null,
        "code": 106,
        "description": null,
        "degree": 29,
        "title": "Estructuras Algebraicas para la Computaci\u00f3n"
    },
    "model": "caluny.subject",
    "pk": 1426
},
{
    "fields": {
        "level": null,
        "code": 107,
        "description": null,
        "degree": 29,
        "title": "M\u00e9todos Estad\u00edsticos para la Computaci\u00f3n"
    },
    "model": "caluny.subject",
    "pk": 1427
},
{
    "fields": {
        "level": null,
        "code": 104,
        "description": null,
        "degree": 29,
        "title": "Fundamentos de la Programaci\u00f3n"
    },
    "model": "caluny.subject",
    "pk": 1428
},
{
    "fields": {
        "level": null,
        "code": 105,
        "description": null,
        "degree": 29,
        "title": "Matem\u00e1tica Discreta"
    },
    "model": "caluny.subject",
    "pk": 1429
},
{
    "fields": {
        "level": null,
        "code": 210,
        "description": null,
        "degree": 30,
        "title": "Sistemas Operativos"
    },
    "model": "caluny.subject",
    "pk": 1430
},
{
    "fields": {
        "level": null,
        "code": 429,
        "description": null,
        "degree": 30,
        "title": "Proyectos y Legislaci\u00f3n"
    },
    "model": "caluny.subject",
    "pk": 1431
},
{
    "fields": {
        "level": null,
        "code": 407,
        "description": null,
        "degree": 30,
        "title": "Dise\u00f1o y Evaluaci\u00f3n de Infraestructuras Inform\u00e1ticas"
    },
    "model": "caluny.subject",
    "pk": 1432
},
{
    "fields": {
        "level": null,
        "code": 406,
        "description": null,
        "degree": 30,
        "title": "Direcci\u00f3n de Proyectos de Sistemas de Informaci\u00f3n"
    },
    "model": "caluny.subject",
    "pk": 1433
},
{
    "fields": {
        "level": null,
        "code": 404,
        "description": null,
        "degree": 30,
        "title": "Arquitectura Cluster"
    },
    "model": "caluny.subject",
    "pk": 1434
},
{
    "fields": {
        "level": null,
        "code": 403,
        "description": null,
        "degree": 30,
        "title": "Aprendizaje Computacional"
    },
    "model": "caluny.subject",
    "pk": 1435
},
{
    "fields": {
        "level": null,
        "code": 402,
        "description": null,
        "degree": 30,
        "title": "Administraci\u00f3n de Sistemas Operativos"
    },
    "model": "caluny.subject",
    "pk": 1436
},
{
    "fields": {
        "level": null,
        "code": 401,
        "description": null,
        "degree": 30,
        "title": "Administraci\u00f3n de Redes y Sistemas"
    },
    "model": "caluny.subject",
    "pk": 1437
},
{
    "fields": {
        "level": null,
        "code": 408,
        "description": null,
        "degree": 30,
        "title": "Dise\u00f1o y Explotaci\u00f3n de Almacenes de Datos"
    },
    "model": "caluny.subject",
    "pk": 1438
},
{
    "fields": {
        "level": null,
        "code": 414,
        "description": null,
        "degree": 30,
        "title": "Programaci\u00f3n de Robots"
    },
    "model": "caluny.subject",
    "pk": 1439
},
{
    "fields": {
        "level": null,
        "code": 415,
        "description": null,
        "degree": 30,
        "title": "Rob\u00f3tica"
    },
    "model": "caluny.subject",
    "pk": 1440
},
{
    "fields": {
        "level": null,
        "code": 417,
        "description": null,
        "degree": 30,
        "title": "Tecnolog\u00eda de los Sistemas de Producci\u00f3n"
    },
    "model": "caluny.subject",
    "pk": 1441
},
{
    "fields": {
        "level": null,
        "code": 410,
        "description": null,
        "degree": 30,
        "title": "Modelos de la Computaci\u00f3n"
    },
    "model": "caluny.subject",
    "pk": 1442
},
{
    "fields": {
        "level": null,
        "code": 411,
        "description": null,
        "degree": 30,
        "title": "Negocio Electr\u00f3nico"
    },
    "model": "caluny.subject",
    "pk": 1443
},
{
    "fields": {
        "level": null,
        "code": 412,
        "description": null,
        "degree": 30,
        "title": "Planificaci\u00f3n de Proyectos y An\u00e1lisis de Riesgos"
    },
    "model": "caluny.subject",
    "pk": 1444
},
{
    "fields": {
        "level": null,
        "code": 413,
        "description": null,
        "degree": 30,
        "title": "Procesamiento de Im\u00e1genes y Video"
    },
    "model": "caluny.subject",
    "pk": 1445
},
{
    "fields": {
        "level": null,
        "code": 418,
        "description": null,
        "degree": 30,
        "title": "Teor\u00eda de la Informaci\u00f3n y la Codificaci\u00f3n"
    },
    "model": "caluny.subject",
    "pk": 1446
},
{
    "fields": {
        "level": null,
        "code": 308,
        "description": null,
        "degree": 30,
        "title": "Seguridad de la Informaci\u00f3n"
    },
    "model": "caluny.subject",
    "pk": 1447
},
{
    "fields": {
        "level": null,
        "code": 319,
        "description": null,
        "degree": 30,
        "title": "Modelos Estad\u00edsticos y Simulaci\u00f3n"
    },
    "model": "caluny.subject",
    "pk": 1448
},
{
    "fields": {
        "level": null,
        "code": 313,
        "description": null,
        "degree": 30,
        "title": "Algoritmia y Complejidad"
    },
    "model": "caluny.subject",
    "pk": 1449
},
{
    "fields": {
        "level": null,
        "code": 312,
        "description": null,
        "degree": 30,
        "title": "Administraci\u00f3n de Bases de Datos"
    },
    "model": "caluny.subject",
    "pk": 1450
},
{
    "fields": {
        "level": null,
        "code": 310,
        "description": null,
        "degree": 30,
        "title": "Sistemas de Informaci\u00f3n Empresarial"
    },
    "model": "caluny.subject",
    "pk": 1451
},
{
    "fields": {
        "level": null,
        "code": 316,
        "description": null,
        "degree": 30,
        "title": "Inteligencia Artificial para Juegos"
    },
    "model": "caluny.subject",
    "pk": 1452
},
{
    "fields": {
        "level": null,
        "code": 315,
        "description": null,
        "degree": 30,
        "title": "Ingenier\u00eda de Protocolos"
    },
    "model": "caluny.subject",
    "pk": 1453
},
{
    "fields": {
        "level": null,
        "code": 314,
        "description": null,
        "degree": 30,
        "title": "An\u00e1lisis y Dise\u00f1o de los Sistemas de Informaci\u00f3n"
    },
    "model": "caluny.subject",
    "pk": 1454
},
{
    "fields": {
        "level": null,
        "code": 110,
        "description": null,
        "degree": 30,
        "title": "Tecnolog\u00eda de Computadores"
    },
    "model": "caluny.subject",
    "pk": 1455
},
{
    "fields": {
        "level": null,
        "code": 322,
        "description": null,
        "degree": 30,
        "title": "Sistemas de Informaci\u00f3n para Internet"
    },
    "model": "caluny.subject",
    "pk": 1456
},
{
    "fields": {
        "level": null,
        "code": 323,
        "description": null,
        "degree": 30,
        "title": "Visi\u00f3n por Computador"
    },
    "model": "caluny.subject",
    "pk": 1457
},
{
    "fields": {
        "level": null,
        "code": 320,
        "description": null,
        "degree": 30,
        "title": "Programaci\u00f3n de Videojuegos"
    },
    "model": "caluny.subject",
    "pk": 1458
},
{
    "fields": {
        "level": null,
        "code": 321,
        "description": null,
        "degree": 30,
        "title": "Sistemas Inteligentes II"
    },
    "model": "caluny.subject",
    "pk": 1459
},
{
    "fields": {
        "level": null,
        "code": 421,
        "description": null,
        "degree": 30,
        "title": "Arquitecturas Virtuales"
    },
    "model": "caluny.subject",
    "pk": 1460
},
{
    "fields": {
        "level": null,
        "code": 420,
        "description": null,
        "degree": 30,
        "title": "Teor\u00eda de los Lenguajes de Programaci\u00f3n"
    },
    "model": "caluny.subject",
    "pk": 1461
},
{
    "fields": {
        "level": null,
        "code": 423,
        "description": null,
        "degree": 30,
        "title": "Electr\u00f3nica para Dom\u00f3tica"
    },
    "model": "caluny.subject",
    "pk": 1462
},
{
    "fields": {
        "level": null,
        "code": 425,
        "description": null,
        "degree": 30,
        "title": "Herramientas de Dise\u00f1o Electr\u00f3nico"
    },
    "model": "caluny.subject",
    "pk": 1463
},
{
    "fields": {
        "level": null,
        "code": 424,
        "description": null,
        "degree": 30,
        "title": "Gesti\u00f3n Inteligente de la Informaci\u00f3n"
    },
    "model": "caluny.subject",
    "pk": 1464
},
{
    "fields": {
        "level": null,
        "code": 201,
        "description": null,
        "degree": 30,
        "title": "An\u00e1lisis y Dise\u00f1o de Algoritmos"
    },
    "model": "caluny.subject",
    "pk": 1465
},
{
    "fields": {
        "level": null,
        "code": 203,
        "description": null,
        "degree": 30,
        "title": "Estructura de Computadores"
    },
    "model": "caluny.subject",
    "pk": 1466
},
{
    "fields": {
        "level": null,
        "code": 202,
        "description": null,
        "degree": 30,
        "title": "Bases de Datos"
    },
    "model": "caluny.subject",
    "pk": 1467
},
{
    "fields": {
        "level": null,
        "code": 205,
        "description": null,
        "degree": 30,
        "title": "Teor\u00eda de Aut\u00f3matas y Lenguajes Formales"
    },
    "model": "caluny.subject",
    "pk": 1468
},
{
    "fields": {
        "level": null,
        "code": 204,
        "description": null,
        "degree": 30,
        "title": "Estructura de Datos"
    },
    "model": "caluny.subject",
    "pk": 1469
},
{
    "fields": {
        "level": null,
        "code": 207,
        "description": null,
        "degree": 30,
        "title": "Programaci\u00f3n de Sistemas y Concurrencia"
    },
    "model": "caluny.subject",
    "pk": 1470
},
{
    "fields": {
        "level": null,
        "code": 206,
        "description": null,
        "degree": 30,
        "title": "Introducci\u00f3n a la Ingenier\u00eda del Software"
    },
    "model": "caluny.subject",
    "pk": 1471
},
{
    "fields": {
        "level": null,
        "code": 209,
        "description": null,
        "degree": 30,
        "title": "Sistemas Inteligentes"
    },
    "model": "caluny.subject",
    "pk": 1472
},
{
    "fields": {
        "level": null,
        "code": 208,
        "description": null,
        "degree": 30,
        "title": "Redes y Sistemas Distribuidos"
    },
    "model": "caluny.subject",
    "pk": 1473
},
{
    "fields": {
        "level": null,
        "code": 302,
        "description": null,
        "degree": 30,
        "title": "Desarrollo de Servicios Telem\u00e1ticos"
    },
    "model": "caluny.subject",
    "pk": 1474
},
{
    "fields": {
        "level": null,
        "code": 303,
        "description": null,
        "degree": 30,
        "title": "Electr\u00f3nica Digital"
    },
    "model": "caluny.subject",
    "pk": 1475
},
{
    "fields": {
        "level": null,
        "code": 304,
        "description": null,
        "degree": 30,
        "title": "Introducci\u00f3n a los Sistemas de Informaci\u00f3n"
    },
    "model": "caluny.subject",
    "pk": 1476
},
{
    "fields": {
        "level": null,
        "code": 305,
        "description": null,
        "degree": 30,
        "title": "L\u00f3gica Computacional"
    },
    "model": "caluny.subject",
    "pk": 1477
},
{
    "fields": {
        "level": null,
        "code": 306,
        "description": null,
        "degree": 30,
        "title": "Procesadores de Lenguajes"
    },
    "model": "caluny.subject",
    "pk": 1478
},
{
    "fields": {
        "level": null,
        "code": 108,
        "description": null,
        "degree": 30,
        "title": "Organizaci\u00f3n Empresarial"
    },
    "model": "caluny.subject",
    "pk": 1479
},
{
    "fields": {
        "level": null,
        "code": 109,
        "description": null,
        "degree": 30,
        "title": "Programaci\u00f3n Orientada a Objetos"
    },
    "model": "caluny.subject",
    "pk": 1480
},
{
    "fields": {
        "level": null,
        "code": 102,
        "description": null,
        "degree": 30,
        "title": "Fundamentos F\u00edsicos de la Inform\u00e1tica"
    },
    "model": "caluny.subject",
    "pk": 1481
},
{
    "fields": {
        "level": null,
        "code": 103,
        "description": null,
        "degree": 30,
        "title": "Fundamentos de Electr\u00f3nica"
    },
    "model": "caluny.subject",
    "pk": 1482
},
{
    "fields": {
        "level": null,
        "code": 101,
        "description": null,
        "degree": 30,
        "title": "C\u00e1lculo para la Computaci\u00f3n"
    },
    "model": "caluny.subject",
    "pk": 1483
},
{
    "fields": {
        "level": null,
        "code": 106,
        "description": null,
        "degree": 30,
        "title": "Estructuras Algebraicas para la Computaci\u00f3n"
    },
    "model": "caluny.subject",
    "pk": 1484
},
{
    "fields": {
        "level": null,
        "code": 107,
        "description": null,
        "degree": 30,
        "title": "M\u00e9todos Estad\u00edsticos para la Computaci\u00f3n"
    },
    "model": "caluny.subject",
    "pk": 1485
},
{
    "fields": {
        "level": null,
        "code": 104,
        "description": null,
        "degree": 30,
        "title": "Fundamentos de la Programaci\u00f3n"
    },
    "model": "caluny.subject",
    "pk": 1486
},
{
    "fields": {
        "level": null,
        "code": 105,
        "description": null,
        "degree": 30,
        "title": "Matem\u00e1tica Discreta"
    },
    "model": "caluny.subject",
    "pk": 1487
},
{
    "fields": {
        "level": null,
        "code": 432,
        "description": null,
        "degree": 30,
        "title": "Sistemas de Informaci\u00f3n para la Industria"
    },
    "model": "caluny.subject",
    "pk": 1488
},
{
    "fields": {
        "level": null,
        "code": 433,
        "description": null,
        "degree": 30,
        "title": "Trabajo Fin de Grado"
    },
    "model": "caluny.subject",
    "pk": 1489
},
{
    "fields": {
        "level": null,
        "code": 430,
        "description": null,
        "degree": 30,
        "title": "Pr\u00e1cticas Externas"
    },
    "model": "caluny.subject",
    "pk": 1490
},
{
    "fields": {
        "level": null,
        "code": 431,
        "description": null,
        "degree": 30,
        "title": "Redes Inal\u00e1mbricas"
    },
    "model": "caluny.subject",
    "pk": 1491
},
{
    "fields": {
        "level": null,
        "code": 201,
        "description": null,
        "degree": 31,
        "title": "Ampliaci\u00f3n de Matem\u00e1ticas"
    },
    "model": "caluny.subject",
    "pk": 1492
},
{
    "fields": {
        "level": null,
        "code": 203,
        "description": null,
        "degree": 31,
        "title": "Circuitos y M\u00e1quinas El\u00e9ctricas"
    },
    "model": "caluny.subject",
    "pk": 1493
},
{
    "fields": {
        "level": null,
        "code": 202,
        "description": null,
        "degree": 31,
        "title": "Biolog\u00eda Molecular y Bioqu\u00edmica"
    },
    "model": "caluny.subject",
    "pk": 1494
},
{
    "fields": {
        "level": null,
        "code": 205,
        "description": null,
        "degree": 31,
        "title": "Estructuras de Datos y Algoritmos"
    },
    "model": "caluny.subject",
    "pk": 1495
},
{
    "fields": {
        "level": null,
        "code": 204,
        "description": null,
        "degree": 31,
        "title": "Electr\u00f3nica"
    },
    "model": "caluny.subject",
    "pk": 1496
},
{
    "fields": {
        "level": null,
        "code": 207,
        "description": null,
        "degree": 31,
        "title": "Arquitectura de Computadores y Sistemas Operativos"
    },
    "model": "caluny.subject",
    "pk": 1497
},
{
    "fields": {
        "level": null,
        "code": 206,
        "description": null,
        "degree": 31,
        "title": "Anatom\u00eda y Fisiolog\u00eda"
    },
    "model": "caluny.subject",
    "pk": 1498
},
{
    "fields": {
        "level": null,
        "code": 209,
        "description": null,
        "degree": 31,
        "title": "Biolog\u00eda Celular y Gen\u00e9tica"
    },
    "model": "caluny.subject",
    "pk": 1499
},
{
    "fields": {
        "level": null,
        "code": 208,
        "description": null,
        "degree": 31,
        "title": "Bases de Datos"
    },
    "model": "caluny.subject",
    "pk": 1500
},
{
    "fields": {
        "level": null,
        "code": 302,
        "description": null,
        "degree": 31,
        "title": "Im\u00e1genes Biom\u00e9dicas"
    },
    "model": "caluny.subject",
    "pk": 1501
},
{
    "fields": {
        "level": null,
        "code": 303,
        "description": null,
        "degree": 31,
        "title": "Ingenier\u00eda del Software"
    },
    "model": "caluny.subject",
    "pk": 1502
},
{
    "fields": {
        "level": null,
        "code": 304,
        "description": null,
        "degree": 31,
        "title": "Redes y Sistemas Distribuidos"
    },
    "model": "caluny.subject",
    "pk": 1503
},
{
    "fields": {
        "level": null,
        "code": 305,
        "description": null,
        "degree": 31,
        "title": "Sistemas Inteligentes"
    },
    "model": "caluny.subject",
    "pk": 1504
},
{
    "fields": {
        "level": null,
        "code": 333,
        "description": null,
        "degree": 31,
        "title": "Biotecnolog\u00eda"
    },
    "model": "caluny.subject",
    "pk": 1505
},
{
    "fields": {
        "level": null,
        "code": 330,
        "description": null,
        "degree": 31,
        "title": "Biomateriales"
    },
    "model": "caluny.subject",
    "pk": 1506
},
{
    "fields": {
        "level": null,
        "code": 332,
        "description": null,
        "degree": 31,
        "title": "Biomec\u00e1nica II: Fluidos"
    },
    "model": "caluny.subject",
    "pk": 1507
},
{
    "fields": {
        "level": null,
        "code": 108,
        "description": null,
        "degree": 31,
        "title": "F\u00edsica II"
    },
    "model": "caluny.subject",
    "pk": 1508
},
{
    "fields": {
        "level": null,
        "code": 109,
        "description": null,
        "degree": 31,
        "title": "Gesti\u00f3n de Empresas"
    },
    "model": "caluny.subject",
    "pk": 1509
},
{
    "fields": {
        "level": null,
        "code": 110,
        "description": null,
        "degree": 31,
        "title": "Programaci\u00f3n Orientada a Objetos"
    },
    "model": "caluny.subject",
    "pk": 1510
},
{
    "fields": {
        "level": null,
        "code": 334,
        "description": null,
        "degree": 31,
        "title": "Ciencia y Resistencia de Materiales"
    },
    "model": "caluny.subject",
    "pk": 1511
},
{
    "fields": {
        "level": null,
        "code": 102,
        "description": null,
        "degree": 31,
        "title": "C\u00e1lculo"
    },
    "model": "caluny.subject",
    "pk": 1512
},
{
    "fields": {
        "level": null,
        "code": 103,
        "description": null,
        "degree": 31,
        "title": "Fundamentos de la Programaci\u00f3n"
    },
    "model": "caluny.subject",
    "pk": 1513
},
{
    "fields": {
        "level": null,
        "code": 101,
        "description": null,
        "degree": 31,
        "title": "Bioqu\u00edmica Estructural"
    },
    "model": "caluny.subject",
    "pk": 1514
},
{
    "fields": {
        "level": null,
        "code": 106,
        "description": null,
        "degree": 31,
        "title": "Ampliaci\u00f3n de C\u00e1lculo"
    },
    "model": "caluny.subject",
    "pk": 1515
},
{
    "fields": {
        "level": null,
        "code": 107,
        "description": null,
        "degree": 31,
        "title": "Estad\u00edstica"
    },
    "model": "caluny.subject",
    "pk": 1516
},
{
    "fields": {
        "level": null,
        "code": 104,
        "description": null,
        "degree": 31,
        "title": "F\u00edsica I"
    },
    "model": "caluny.subject",
    "pk": 1517
},
{
    "fields": {
        "level": null,
        "code": 105,
        "description": null,
        "degree": 31,
        "title": "\u00c1lgebra Lineal"
    },
    "model": "caluny.subject",
    "pk": 1518
},
{
    "fields": {
        "level": null,
        "code": 325,
        "description": null,
        "degree": 31,
        "title": "T\u00e9cnicas y Modelos Algor\u00edtmicos"
    },
    "model": "caluny.subject",
    "pk": 1519
},
{
    "fields": {
        "level": null,
        "code": 210,
        "description": null,
        "degree": 31,
        "title": "Control Autom\u00e1tico"
    },
    "model": "caluny.subject",
    "pk": 1520
},
{
    "fields": {
        "level": null,
        "code": 322,
        "description": null,
        "degree": 31,
        "title": "Ingenier\u00eda del Software Avanzada"
    },
    "model": "caluny.subject",
    "pk": 1521
},
{
    "fields": {
        "level": null,
        "code": 323,
        "description": null,
        "degree": 31,
        "title": "Miner\u00eda de Datos"
    },
    "model": "caluny.subject",
    "pk": 1522
},
{
    "fields": {
        "level": null,
        "code": 320,
        "description": null,
        "degree": 31,
        "title": "Bases de Datos Biol\u00f3gicas"
    },
    "model": "caluny.subject",
    "pk": 1523
},
{
    "fields": {
        "level": null,
        "code": 321,
        "description": null,
        "degree": 31,
        "title": "Gen\u00f3mica, Prote\u00f3mica y Metabol\u00f3mica"
    },
    "model": "caluny.subject",
    "pk": 1524
},
{
    "fields": {
        "level": null,
        "code": 331,
        "description": null,
        "degree": 31,
        "title": "Biomec\u00e1nica I: S\u00f3lidos"
    },
    "model": "caluny.subject",
    "pk": 1525
},
{
    "fields": {
        "level": null,
        "code": 324,
        "description": null,
        "degree": 31,
        "title": "Programaci\u00f3n Avanzada en Bioinform\u00e1tica"
    },
    "model": "caluny.subject",
    "pk": 1526
},
{
    "fields": {
        "level": null,
        "code": 301,
        "description": null,
        "degree": 31,
        "title": "Fundamentos de Inform\u00e1tica Cl\u00ednica"
    },
    "model": "caluny.subject",
    "pk": 1527
},
{
    "fields": {
        "level": null,
        "code": 335,
        "description": null,
        "degree": 31,
        "title": "Instrumentaci\u00f3n Biom\u00e9dica"
    },
    "model": "caluny.subject",
    "pk": 1528
},
{
    "fields": {
        "level": null,
        "code": 210,
        "description": null,
        "degree": 32,
        "title": "Sistemas Operativos"
    },
    "model": "caluny.subject",
    "pk": 1529
},
{
    "fields": {
        "level": null,
        "code": 407,
        "description": null,
        "degree": 32,
        "title": "Procesamiento de Im\u00e1genes y Video"
    },
    "model": "caluny.subject",
    "pk": 1530
},
{
    "fields": {
        "level": null,
        "code": 405,
        "description": null,
        "degree": 32,
        "title": "Dise\u00f1o de Infraestructuras Inform\u00e1ticas"
    },
    "model": "caluny.subject",
    "pk": 1531
},
{
    "fields": {
        "level": null,
        "code": 403,
        "description": null,
        "degree": 32,
        "title": "Control por Computador"
    },
    "model": "caluny.subject",
    "pk": 1532
},
{
    "fields": {
        "level": null,
        "code": 402,
        "description": null,
        "degree": 32,
        "title": "Arquitectura Cluster"
    },
    "model": "caluny.subject",
    "pk": 1533
},
{
    "fields": {
        "level": null,
        "code": 401,
        "description": null,
        "degree": 32,
        "title": "Arquitecturas Paralelas"
    },
    "model": "caluny.subject",
    "pk": 1534
},
{
    "fields": {
        "level": null,
        "code": 409,
        "description": null,
        "degree": 32,
        "title": "Programaci\u00f3n de Robots"
    },
    "model": "caluny.subject",
    "pk": 1535
},
{
    "fields": {
        "level": null,
        "code": 408,
        "description": null,
        "degree": 32,
        "title": "Programaci\u00f3n Distribuida"
    },
    "model": "caluny.subject",
    "pk": 1536
},
{
    "fields": {
        "level": null,
        "code": 414,
        "description": null,
        "degree": 32,
        "title": "Arquitecturas Virtuales"
    },
    "model": "caluny.subject",
    "pk": 1537
},
{
    "fields": {
        "level": null,
        "code": 415,
        "description": null,
        "degree": 32,
        "title": "Electr\u00f3nica para Dom\u00f3tica"
    },
    "model": "caluny.subject",
    "pk": 1538
},
{
    "fields": {
        "level": null,
        "code": 416,
        "description": null,
        "degree": 32,
        "title": "Herramientas de Dise\u00f1o Electr\u00f3nico"
    },
    "model": "caluny.subject",
    "pk": 1539
},
{
    "fields": {
        "level": null,
        "code": 417,
        "description": null,
        "degree": 32,
        "title": "Implementaci\u00f3n Electr\u00f3nica de Procesadores"
    },
    "model": "caluny.subject",
    "pk": 1540
},
{
    "fields": {
        "level": null,
        "code": 411,
        "description": null,
        "degree": 32,
        "title": "Teor\u00eda de la Informaci\u00f3n y la Codificaci\u00f3n"
    },
    "model": "caluny.subject",
    "pk": 1541
},
{
    "fields": {
        "level": null,
        "code": 413,
        "description": null,
        "degree": 32,
        "title": "Arquitecturas Especializadas"
    },
    "model": "caluny.subject",
    "pk": 1542
},
{
    "fields": {
        "level": null,
        "code": 418,
        "description": null,
        "degree": 32,
        "title": "Proyectos y Legislaci\u00f3n"
    },
    "model": "caluny.subject",
    "pk": 1543
},
{
    "fields": {
        "level": null,
        "code": 419,
        "description": null,
        "degree": 32,
        "title": "Pr\u00e1cticas Externas"
    },
    "model": "caluny.subject",
    "pk": 1544
},
{
    "fields": {
        "level": null,
        "code": 319,
        "description": null,
        "degree": 32,
        "title": "Visi\u00f3n por Computador"
    },
    "model": "caluny.subject",
    "pk": 1545
},
{
    "fields": {
        "level": null,
        "code": 318,
        "description": null,
        "degree": 32,
        "title": "Sistemas de Tiempo Real"
    },
    "model": "caluny.subject",
    "pk": 1546
},
{
    "fields": {
        "level": null,
        "code": 313,
        "description": null,
        "degree": 32,
        "title": "Ingenier\u00eda de Protocolos"
    },
    "model": "caluny.subject",
    "pk": 1547
},
{
    "fields": {
        "level": null,
        "code": 312,
        "description": null,
        "degree": 32,
        "title": "Dise\u00f1o de Sistemas Operativos"
    },
    "model": "caluny.subject",
    "pk": 1548
},
{
    "fields": {
        "level": null,
        "code": 311,
        "description": null,
        "degree": 32,
        "title": "Dise\u00f1o de Infraestructuras de Red"
    },
    "model": "caluny.subject",
    "pk": 1549
},
{
    "fields": {
        "level": null,
        "code": 310,
        "description": null,
        "degree": 32,
        "title": "Dise\u00f1o con Microcontroladores"
    },
    "model": "caluny.subject",
    "pk": 1550
},
{
    "fields": {
        "level": null,
        "code": 317,
        "description": null,
        "degree": 32,
        "title": "Programaci\u00f3n de Videojuegos"
    },
    "model": "caluny.subject",
    "pk": 1551
},
{
    "fields": {
        "level": null,
        "code": 314,
        "description": null,
        "degree": 32,
        "title": "Inteligencia Artificial para Juegos"
    },
    "model": "caluny.subject",
    "pk": 1552
},
{
    "fields": {
        "level": null,
        "code": 110,
        "description": null,
        "degree": 32,
        "title": "Tecnolog\u00eda de Computadores"
    },
    "model": "caluny.subject",
    "pk": 1553
},
{
    "fields": {
        "level": null,
        "code": 420,
        "description": null,
        "degree": 32,
        "title": "Redes Inal\u00e1mbricas"
    },
    "model": "caluny.subject",
    "pk": 1554
},
{
    "fields": {
        "level": null,
        "code": 422,
        "description": null,
        "degree": 32,
        "title": "Trabajo Fin de Grado"
    },
    "model": "caluny.subject",
    "pk": 1555
},
{
    "fields": {
        "level": null,
        "code": 201,
        "description": null,
        "degree": 32,
        "title": "An\u00e1lisis y Dise\u00f1o de Algoritmos"
    },
    "model": "caluny.subject",
    "pk": 1556
},
{
    "fields": {
        "level": null,
        "code": 203,
        "description": null,
        "degree": 32,
        "title": "Estructura de Computadores"
    },
    "model": "caluny.subject",
    "pk": 1557
},
{
    "fields": {
        "level": null,
        "code": 202,
        "description": null,
        "degree": 32,
        "title": "Bases de Datos"
    },
    "model": "caluny.subject",
    "pk": 1558
},
{
    "fields": {
        "level": null,
        "code": 205,
        "description": null,
        "degree": 32,
        "title": "Teoria de Aut\u00f3matas y Lenguajes Formales"
    },
    "model": "caluny.subject",
    "pk": 1559
},
{
    "fields": {
        "level": null,
        "code": 204,
        "description": null,
        "degree": 32,
        "title": "Estructura de Datos"
    },
    "model": "caluny.subject",
    "pk": 1560
},
{
    "fields": {
        "level": null,
        "code": 207,
        "description": null,
        "degree": 32,
        "title": "Programaci\u00f3n de Sistemas y Concurrencia"
    },
    "model": "caluny.subject",
    "pk": 1561
},
{
    "fields": {
        "level": null,
        "code": 206,
        "description": null,
        "degree": 32,
        "title": "Introducci\u00f3n a la Ingenieria del Software"
    },
    "model": "caluny.subject",
    "pk": 1562
},
{
    "fields": {
        "level": null,
        "code": 209,
        "description": null,
        "degree": 32,
        "title": "Sistemas Inteligentes"
    },
    "model": "caluny.subject",
    "pk": 1563
},
{
    "fields": {
        "level": null,
        "code": 208,
        "description": null,
        "degree": 32,
        "title": "Redes y Sistemas Distribuidos"
    },
    "model": "caluny.subject",
    "pk": 1564
},
{
    "fields": {
        "level": null,
        "code": 302,
        "description": null,
        "degree": 32,
        "title": "Arquitectura de Computadores"
    },
    "model": "caluny.subject",
    "pk": 1565
},
{
    "fields": {
        "level": null,
        "code": 303,
        "description": null,
        "degree": 32,
        "title": "Arquitecturas de Almacenamiento"
    },
    "model": "caluny.subject",
    "pk": 1566
},
{
    "fields": {
        "level": null,
        "code": 304,
        "description": null,
        "degree": 32,
        "title": "Circuitos Electr\u00f3nicos y Se\u00f1ales"
    },
    "model": "caluny.subject",
    "pk": 1567
},
{
    "fields": {
        "level": null,
        "code": 305,
        "description": null,
        "degree": 32,
        "title": "Dise\u00f1o de Sistemas Empotrados"
    },
    "model": "caluny.subject",
    "pk": 1568
},
{
    "fields": {
        "level": null,
        "code": 306,
        "description": null,
        "degree": 32,
        "title": "Electr\u00f3nica Digital"
    },
    "model": "caluny.subject",
    "pk": 1569
},
{
    "fields": {
        "level": null,
        "code": 108,
        "description": null,
        "degree": 32,
        "title": "Organizaci\u00f3n Empresarial"
    },
    "model": "caluny.subject",
    "pk": 1570
},
{
    "fields": {
        "level": null,
        "code": 109,
        "description": null,
        "degree": 32,
        "title": "Programaci\u00f3n Orientada a Objetos"
    },
    "model": "caluny.subject",
    "pk": 1571
},
{
    "fields": {
        "level": null,
        "code": 102,
        "description": null,
        "degree": 32,
        "title": "Fundamentos F\u00edsicos de la Inform\u00e1tica"
    },
    "model": "caluny.subject",
    "pk": 1572
},
{
    "fields": {
        "level": null,
        "code": 103,
        "description": null,
        "degree": 32,
        "title": "Fundamentos de Electr\u00f3nica"
    },
    "model": "caluny.subject",
    "pk": 1573
},
{
    "fields": {
        "level": null,
        "code": 101,
        "description": null,
        "degree": 32,
        "title": "C\u00e1lculo para la Computaci\u00f3n"
    },
    "model": "caluny.subject",
    "pk": 1574
},
{
    "fields": {
        "level": null,
        "code": 106,
        "description": null,
        "degree": 32,
        "title": "Estructuras Algebraicas para la Computaci\u00f3n"
    },
    "model": "caluny.subject",
    "pk": 1575
},
{
    "fields": {
        "level": null,
        "code": 107,
        "description": null,
        "degree": 32,
        "title": "M\u00e9todos Estad\u00edsticos para la Computaci\u00f3n"
    },
    "model": "caluny.subject",
    "pk": 1576
},
{
    "fields": {
        "level": null,
        "code": 104,
        "description": null,
        "degree": 32,
        "title": "Fundamentos de la Programaci\u00f3n"
    },
    "model": "caluny.subject",
    "pk": 1577
},
{
    "fields": {
        "level": null,
        "code": 105,
        "description": null,
        "degree": 32,
        "title": "Matem\u00e1tica Discreta"
    },
    "model": "caluny.subject",
    "pk": 1578
},
{
    "fields": {
        "level": null,
        "code": 210,
        "description": null,
        "degree": 33,
        "title": "Ampliaci\u00f3n de F\u00edsica"
    },
    "model": "caluny.subject",
    "pk": 1579
},
{
    "fields": {
        "level": null,
        "code": 211,
        "description": null,
        "degree": 33,
        "title": "Sistemas Inform\u00e1ticos"
    },
    "model": "caluny.subject",
    "pk": 1580
},
{
    "fields": {
        "level": null,
        "code": 407,
        "description": null,
        "degree": 33,
        "title": "Oficina T\u00e9cnica"
    },
    "model": "caluny.subject",
    "pk": 1581
},
{
    "fields": {
        "level": null,
        "code": 406,
        "description": null,
        "degree": 33,
        "title": "M\u00e1quinas El\u00e9ctricas 2"
    },
    "model": "caluny.subject",
    "pk": 1582
},
{
    "fields": {
        "level": null,
        "code": 405,
        "description": null,
        "degree": 33,
        "title": "Instalaciones El\u00e9ctricas en Baja y Media Tensi\u00f3n"
    },
    "model": "caluny.subject",
    "pk": 1583
},
{
    "fields": {
        "level": null,
        "code": 404,
        "description": null,
        "degree": 33,
        "title": "M\u00e1quinas El\u00e9ctricas 1"
    },
    "model": "caluny.subject",
    "pk": 1584
},
{
    "fields": {
        "level": null,
        "code": 403,
        "description": null,
        "degree": 33,
        "title": "Motores T\u00e9rmicos"
    },
    "model": "caluny.subject",
    "pk": 1585
},
{
    "fields": {
        "level": null,
        "code": 402,
        "description": null,
        "degree": 33,
        "title": "Electr\u00f3nica de Potencia"
    },
    "model": "caluny.subject",
    "pk": 1586
},
{
    "fields": {
        "level": null,
        "code": 401,
        "description": null,
        "degree": 33,
        "title": "Circuitos Integrados"
    },
    "model": "caluny.subject",
    "pk": 1587
},
{
    "fields": {
        "level": null,
        "code": 509,
        "description": null,
        "degree": 33,
        "title": "Trabajo Fin de Grado (Ingenier\u00eda El\u00e9ctrica)"
    },
    "model": "caluny.subject",
    "pk": 1588
},
{
    "fields": {
        "level": null,
        "code": 506,
        "description": null,
        "degree": 33,
        "title": "Dise\u00f1o de Controladores Industriales"
    },
    "model": "caluny.subject",
    "pk": 1589
},
{
    "fields": {
        "level": null,
        "code": 507,
        "description": null,
        "degree": 33,
        "title": "Explotaci\u00f3n de los Sistemas de Energ\u00eda El\u00e9ctrica"
    },
    "model": "caluny.subject",
    "pk": 1590
},
{
    "fields": {
        "level": null,
        "code": 504,
        "description": null,
        "degree": 33,
        "title": "Instrumentaci\u00f3n Electr\u00f3nica"
    },
    "model": "caluny.subject",
    "pk": 1591
},
{
    "fields": {
        "level": null,
        "code": 505,
        "description": null,
        "degree": 33,
        "title": "An\u00e1lisis de Sistemas de Energ\u00eda El\u00e9ctrica"
    },
    "model": "caluny.subject",
    "pk": 1592
},
{
    "fields": {
        "level": null,
        "code": 502,
        "description": null,
        "degree": 33,
        "title": "Centrales El\u00e9ctricas"
    },
    "model": "caluny.subject",
    "pk": 1593
},
{
    "fields": {
        "level": null,
        "code": 503,
        "description": null,
        "degree": 33,
        "title": "Instalaciones y L\u00edneas El\u00e9ctricas de Alta Tensi\u00f3n"
    },
    "model": "caluny.subject",
    "pk": 1594
},
{
    "fields": {
        "level": null,
        "code": 409,
        "description": null,
        "degree": 33,
        "title": "Administraci\u00f3n de Operaciones"
    },
    "model": "caluny.subject",
    "pk": 1595
},
{
    "fields": {
        "level": null,
        "code": 408,
        "description": null,
        "degree": 33,
        "title": "Tecnolog\u00eda Electr\u00f3nica"
    },
    "model": "caluny.subject",
    "pk": 1596
},
{
    "fields": {
        "level": null,
        "code": 508,
        "description": null,
        "degree": 33,
        "title": "Trabajo Fin de Grado"
    },
    "model": "caluny.subject",
    "pk": 1597
},
{
    "fields": {
        "level": null,
        "code": 410,
        "description": null,
        "degree": 33,
        "title": "Programaci\u00f3n de Robots Industriales"
    },
    "model": "caluny.subject",
    "pk": 1598
},
{
    "fields": {
        "level": null,
        "code": 411,
        "description": null,
        "degree": 33,
        "title": "Equipos Electr\u00f3nicos de Medida"
    },
    "model": "caluny.subject",
    "pk": 1599
},
{
    "fields": {
        "level": null,
        "code": 412,
        "description": null,
        "degree": 33,
        "title": "Seguridad y Salud Laboral"
    },
    "model": "caluny.subject",
    "pk": 1600
},
{
    "fields": {
        "level": null,
        "code": 501,
        "description": null,
        "degree": 33,
        "title": "Accionamientos El\u00e9ctricos"
    },
    "model": "caluny.subject",
    "pk": 1601
},
{
    "fields": {
        "level": null,
        "code": 308,
        "description": null,
        "degree": 33,
        "title": "Sistemas Electr\u00f3nicos Digitales"
    },
    "model": "caluny.subject",
    "pk": 1602
},
{
    "fields": {
        "level": null,
        "code": 312,
        "description": null,
        "degree": 33,
        "title": "Mantenimiento Industrial"
    },
    "model": "caluny.subject",
    "pk": 1603
},
{
    "fields": {
        "level": null,
        "code": 311,
        "description": null,
        "degree": 33,
        "title": "Ingl\u00e9s aplicado a la Ingenier\u00eda Electr\u00f3nica"
    },
    "model": "caluny.subject",
    "pk": 1604
},
{
    "fields": {
        "level": null,
        "code": 310,
        "description": null,
        "degree": 33,
        "title": "T\u00e9cnicas de Iluminaci\u00f3n y Dom\u00f3tica"
    },
    "model": "caluny.subject",
    "pk": 1605
},
{
    "fields": {
        "level": null,
        "code": 110,
        "description": null,
        "degree": 33,
        "title": "Qu\u00edmica"
    },
    "model": "caluny.subject",
    "pk": 1606
},
{
    "fields": {
        "level": null,
        "code": 301,
        "description": null,
        "degree": 33,
        "title": "An\u00e1lisis de Redes El\u00e9ctricas"
    },
    "model": "caluny.subject",
    "pk": 1607
},
{
    "fields": {
        "level": null,
        "code": 201,
        "description": null,
        "degree": 33,
        "title": "Ingenier\u00eda de Fabricaci\u00f3n"
    },
    "model": "caluny.subject",
    "pk": 1608
},
{
    "fields": {
        "level": null,
        "code": 309,
        "description": null,
        "degree": 33,
        "title": "Dise\u00f1o y An\u00e1lisis Estructural Asistido"
    },
    "model": "caluny.subject",
    "pk": 1609
},
{
    "fields": {
        "level": null,
        "code": 203,
        "description": null,
        "degree": 33,
        "title": "Teor\u00eda de M\u00e1quinas"
    },
    "model": "caluny.subject",
    "pk": 1610
},
{
    "fields": {
        "level": null,
        "code": 202,
        "description": null,
        "degree": 33,
        "title": "Resistencia de Materiales"
    },
    "model": "caluny.subject",
    "pk": 1611
},
{
    "fields": {
        "level": null,
        "code": 205,
        "description": null,
        "degree": 33,
        "title": "Autom\u00e1tica"
    },
    "model": "caluny.subject",
    "pk": 1612
},
{
    "fields": {
        "level": null,
        "code": 204,
        "description": null,
        "degree": 33,
        "title": "Termotecnia"
    },
    "model": "caluny.subject",
    "pk": 1613
},
{
    "fields": {
        "level": null,
        "code": 207,
        "description": null,
        "degree": 33,
        "title": "Fundamentos de Electr\u00f3nica"
    },
    "model": "caluny.subject",
    "pk": 1614
},
{
    "fields": {
        "level": null,
        "code": 206,
        "description": null,
        "degree": 33,
        "title": "Ciencia de los Materiales"
    },
    "model": "caluny.subject",
    "pk": 1615
},
{
    "fields": {
        "level": null,
        "code": 209,
        "description": null,
        "degree": 33,
        "title": "Mec\u00e1nica de Fluidos"
    },
    "model": "caluny.subject",
    "pk": 1616
},
{
    "fields": {
        "level": null,
        "code": 208,
        "description": null,
        "degree": 33,
        "title": "Fundamentos de Ingenier\u00eda El\u00e9ctrica"
    },
    "model": "caluny.subject",
    "pk": 1617
},
{
    "fields": {
        "level": null,
        "code": 302,
        "description": null,
        "degree": 33,
        "title": "Electr\u00f3nica Anal\u00f3gica"
    },
    "model": "caluny.subject",
    "pk": 1618
},
{
    "fields": {
        "level": null,
        "code": 303,
        "description": null,
        "degree": 33,
        "title": "Electr\u00f3nica Digital"
    },
    "model": "caluny.subject",
    "pk": 1619
},
{
    "fields": {
        "level": null,
        "code": 304,
        "description": null,
        "degree": 33,
        "title": "Regulaci\u00f3n Autom\u00e1tica"
    },
    "model": "caluny.subject",
    "pk": 1620
},
{
    "fields": {
        "level": null,
        "code": 305,
        "description": null,
        "degree": 33,
        "title": "Automatizaci\u00f3n Industrial"
    },
    "model": "caluny.subject",
    "pk": 1621
},
{
    "fields": {
        "level": null,
        "code": 306,
        "description": null,
        "degree": 33,
        "title": "Inform\u00e1tica Industrial"
    },
    "model": "caluny.subject",
    "pk": 1622
},
{
    "fields": {
        "level": null,
        "code": 307,
        "description": null,
        "degree": 33,
        "title": "Ingenier\u00eda Gr\u00e1fica El\u00e9ctrica y Topograf\u00eda"
    },
    "model": "caluny.subject",
    "pk": 1623
},
{
    "fields": {
        "level": null,
        "code": 108,
        "description": null,
        "degree": 33,
        "title": "F\u00edsica 2"
    },
    "model": "caluny.subject",
    "pk": 1624
},
{
    "fields": {
        "level": null,
        "code": 109,
        "description": null,
        "degree": 33,
        "title": "Gesti\u00f3n de Empresas"
    },
    "model": "caluny.subject",
    "pk": 1625
},
{
    "fields": {
        "level": null,
        "code": 102,
        "description": null,
        "degree": 33,
        "title": "Expresi\u00f3n Gr\u00e1fica en la Ingenier\u00eda"
    },
    "model": "caluny.subject",
    "pk": 1626
},
{
    "fields": {
        "level": null,
        "code": 103,
        "description": null,
        "degree": 33,
        "title": "Fundamentos de Inform\u00e1tica"
    },
    "model": "caluny.subject",
    "pk": 1627
},
{
    "fields": {
        "level": null,
        "code": 101,
        "description": null,
        "degree": 33,
        "title": "C\u00e1lculo"
    },
    "model": "caluny.subject",
    "pk": 1628
},
{
    "fields": {
        "level": null,
        "code": 106,
        "description": null,
        "degree": 33,
        "title": "Ampliaci\u00f3n de C\u00e1lculo"
    },
    "model": "caluny.subject",
    "pk": 1629
},
{
    "fields": {
        "level": null,
        "code": 107,
        "description": null,
        "degree": 33,
        "title": "An\u00e1lisis Vectorial y Estad\u00edstico"
    },
    "model": "caluny.subject",
    "pk": 1630
},
{
    "fields": {
        "level": null,
        "code": 104,
        "description": null,
        "degree": 33,
        "title": "F\u00edsica 1"
    },
    "model": "caluny.subject",
    "pk": 1631
},
{
    "fields": {
        "level": null,
        "code": 105,
        "description": null,
        "degree": 33,
        "title": "\u00c1lgebra Lineal"
    },
    "model": "caluny.subject",
    "pk": 1632
},
{
    "fields": {
        "level": null,
        "code": 210,
        "description": null,
        "degree": 34,
        "title": "Ampliaci\u00f3n de F\u00edsica"
    },
    "model": "caluny.subject",
    "pk": 1633
},
{
    "fields": {
        "level": null,
        "code": 211,
        "description": null,
        "degree": 34,
        "title": "Sistemas Inform\u00e1ticos"
    },
    "model": "caluny.subject",
    "pk": 1634
},
{
    "fields": {
        "level": null,
        "code": 407,
        "description": null,
        "degree": 34,
        "title": "Instalaciones El\u00e9ctricas en Baja y Media Tensi\u00f3n"
    },
    "model": "caluny.subject",
    "pk": 1635
},
{
    "fields": {
        "level": null,
        "code": 406,
        "description": null,
        "degree": 34,
        "title": "Dise\u00f1o Mec\u00e1nico Asistido por Ordenador"
    },
    "model": "caluny.subject",
    "pk": 1636
},
{
    "fields": {
        "level": null,
        "code": 405,
        "description": null,
        "degree": 34,
        "title": "C\u00e1lculo y Dise\u00f1o de M\u00e1quinas"
    },
    "model": "caluny.subject",
    "pk": 1637
},
{
    "fields": {
        "level": null,
        "code": 404,
        "description": null,
        "degree": 34,
        "title": "Tecnolog\u00eda de Fabricaci\u00f3n"
    },
    "model": "caluny.subject",
    "pk": 1638
},
{
    "fields": {
        "level": null,
        "code": 403,
        "description": null,
        "degree": 34,
        "title": "Estructuras de Hormig\u00f3n"
    },
    "model": "caluny.subject",
    "pk": 1639
},
{
    "fields": {
        "level": null,
        "code": 402,
        "description": null,
        "degree": 34,
        "title": "An\u00e1lisis de Redes El\u00e9ctricas"
    },
    "model": "caluny.subject",
    "pk": 1640
},
{
    "fields": {
        "level": null,
        "code": 401,
        "description": null,
        "degree": 34,
        "title": "Accionamientos El\u00e9ctricos"
    },
    "model": "caluny.subject",
    "pk": 1641
},
{
    "fields": {
        "level": null,
        "code": 509,
        "description": null,
        "degree": 34,
        "title": "Trabajo Fin de Grado (Ingenier\u00eda Mec\u00e1nica)"
    },
    "model": "caluny.subject",
    "pk": 1642
},
{
    "fields": {
        "level": null,
        "code": 506,
        "description": null,
        "degree": 34,
        "title": "Explotaci\u00f3n de los Sistemas de Energ\u00eda El\u00e9ctrica"
    },
    "model": "caluny.subject",
    "pk": 1643
},
{
    "fields": {
        "level": null,
        "code": 507,
        "description": null,
        "degree": 34,
        "title": "Mec\u00e1nica Experimental y T\u00e9cnicas de Simulaci\u00f3n de M\u00e1quinas"
    },
    "model": "caluny.subject",
    "pk": 1644
},
{
    "fields": {
        "level": null,
        "code": 504,
        "description": null,
        "degree": 34,
        "title": "Oficina T\u00e9cnica"
    },
    "model": "caluny.subject",
    "pk": 1645
},
{
    "fields": {
        "level": null,
        "code": 505,
        "description": null,
        "degree": 34,
        "title": "An\u00e1lisis de Sistemas de Energ\u00eda El\u00e9ctrica"
    },
    "model": "caluny.subject",
    "pk": 1646
},
{
    "fields": {
        "level": null,
        "code": 502,
        "description": null,
        "degree": 34,
        "title": "Instalaciones y L\u00edneas El\u00e9ctricas de Alta Tensi\u00f3n"
    },
    "model": "caluny.subject",
    "pk": 1647
},
{
    "fields": {
        "level": null,
        "code": 503,
        "description": null,
        "degree": 34,
        "title": "Metrolog\u00eda y Calidad"
    },
    "model": "caluny.subject",
    "pk": 1648
},
{
    "fields": {
        "level": null,
        "code": 409,
        "description": null,
        "degree": 34,
        "title": "Mantenimiento Industrial"
    },
    "model": "caluny.subject",
    "pk": 1649
},
{
    "fields": {
        "level": null,
        "code": 408,
        "description": null,
        "degree": 34,
        "title": "M\u00e1quinas Fluidomec\u00e1nicas"
    },
    "model": "caluny.subject",
    "pk": 1650
},
{
    "fields": {
        "level": null,
        "code": 508,
        "description": null,
        "degree": 34,
        "title": "Trabajo Fin de Grado (Ingenier\u00eda El\u00e9ctrica)"
    },
    "model": "caluny.subject",
    "pk": 1651
},
{
    "fields": {
        "level": null,
        "code": 410,
        "description": null,
        "degree": 34,
        "title": "T\u00e9cnicas de Iluminaci\u00f3n y Dom\u00f3tica"
    },
    "model": "caluny.subject",
    "pk": 1652
},
{
    "fields": {
        "level": null,
        "code": 411,
        "description": null,
        "degree": 34,
        "title": "Dise\u00f1o y An\u00e1lisis Estructural Asistido"
    },
    "model": "caluny.subject",
    "pk": 1653
},
{
    "fields": {
        "level": null,
        "code": 412,
        "description": null,
        "degree": 34,
        "title": "Equipos Electr\u00f3nicos de Medida"
    },
    "model": "caluny.subject",
    "pk": 1654
},
{
    "fields": {
        "level": null,
        "code": 501,
        "description": null,
        "degree": 34,
        "title": "Centrales El\u00e9ctricas"
    },
    "model": "caluny.subject",
    "pk": 1655
},
{
    "fields": {
        "level": null,
        "code": 308,
        "description": null,
        "degree": 34,
        "title": "M\u00e1quinas El\u00e9ctricas 2"
    },
    "model": "caluny.subject",
    "pk": 1656
},
{
    "fields": {
        "level": null,
        "code": 311,
        "description": null,
        "degree": 34,
        "title": "Seguridad y Salud Laboral"
    },
    "model": "caluny.subject",
    "pk": 1657
},
{
    "fields": {
        "level": null,
        "code": 310,
        "description": null,
        "degree": 34,
        "title": "Programaci\u00f3n de Robots Industriales"
    },
    "model": "caluny.subject",
    "pk": 1658
},
{
    "fields": {
        "level": null,
        "code": 110,
        "description": null,
        "degree": 34,
        "title": "Qu\u00edmica"
    },
    "model": "caluny.subject",
    "pk": 1659
},
{
    "fields": {
        "level": null,
        "code": 301,
        "description": null,
        "degree": 34,
        "title": "Ingenier\u00eda T\u00e9rmica"
    },
    "model": "caluny.subject",
    "pk": 1660
},
{
    "fields": {
        "level": null,
        "code": 201,
        "description": null,
        "degree": 34,
        "title": "Ingenier\u00eda de Fabricaci\u00f3n"
    },
    "model": "caluny.subject",
    "pk": 1661
},
{
    "fields": {
        "level": null,
        "code": 309,
        "description": null,
        "degree": 34,
        "title": "Tecnolog\u00eda de Materiales"
    },
    "model": "caluny.subject",
    "pk": 1662
},
{
    "fields": {
        "level": null,
        "code": 203,
        "description": null,
        "degree": 34,
        "title": "Teor\u00eda de M\u00e1quinas"
    },
    "model": "caluny.subject",
    "pk": 1663
},
{
    "fields": {
        "level": null,
        "code": 202,
        "description": null,
        "degree": 34,
        "title": "Resistencia de Materiales"
    },
    "model": "caluny.subject",
    "pk": 1664
},
{
    "fields": {
        "level": null,
        "code": 205,
        "description": null,
        "degree": 34,
        "title": "Autom\u00e1tica"
    },
    "model": "caluny.subject",
    "pk": 1665
},
{
    "fields": {
        "level": null,
        "code": 204,
        "description": null,
        "degree": 34,
        "title": "Termotecnia"
    },
    "model": "caluny.subject",
    "pk": 1666
},
{
    "fields": {
        "level": null,
        "code": 207,
        "description": null,
        "degree": 34,
        "title": "Fundamentos de Electr\u00f3nica"
    },
    "model": "caluny.subject",
    "pk": 1667
},
{
    "fields": {
        "level": null,
        "code": 206,
        "description": null,
        "degree": 34,
        "title": "Ciencia de los Materiales"
    },
    "model": "caluny.subject",
    "pk": 1668
},
{
    "fields": {
        "level": null,
        "code": 209,
        "description": null,
        "degree": 34,
        "title": "Mec\u00e1nica de Fluidos"
    },
    "model": "caluny.subject",
    "pk": 1669
},
{
    "fields": {
        "level": null,
        "code": 208,
        "description": null,
        "degree": 34,
        "title": "Fundamentos de Ingenier\u00eda El\u00e9ctrica"
    },
    "model": "caluny.subject",
    "pk": 1670
},
{
    "fields": {
        "level": null,
        "code": 302,
        "description": null,
        "degree": 34,
        "title": "M\u00e1quinas El\u00e9ctricas 1"
    },
    "model": "caluny.subject",
    "pk": 1671
},
{
    "fields": {
        "level": null,
        "code": 303,
        "description": null,
        "degree": 34,
        "title": "Regulaci\u00f3n Autom\u00e1tica"
    },
    "model": "caluny.subject",
    "pk": 1672
},
{
    "fields": {
        "level": null,
        "code": 304,
        "description": null,
        "degree": 34,
        "title": "Teor\u00eda de Estructuras y Construcciones Industriales"
    },
    "model": "caluny.subject",
    "pk": 1673
},
{
    "fields": {
        "level": null,
        "code": 305,
        "description": null,
        "degree": 34,
        "title": "Estructuras Met\u00e1licas"
    },
    "model": "caluny.subject",
    "pk": 1674
},
{
    "fields": {
        "level": null,
        "code": 306,
        "description": null,
        "degree": 34,
        "title": "Ingenier\u00eda Gr\u00e1fica Mec\u00e1nica y Topograf\u00eda"
    },
    "model": "caluny.subject",
    "pk": 1675
},
{
    "fields": {
        "level": null,
        "code": 307,
        "description": null,
        "degree": 34,
        "title": "Motores T\u00e9rmicos"
    },
    "model": "caluny.subject",
    "pk": 1676
},
{
    "fields": {
        "level": null,
        "code": 108,
        "description": null,
        "degree": 34,
        "title": "F\u00edsica 2"
    },
    "model": "caluny.subject",
    "pk": 1677
},
{
    "fields": {
        "level": null,
        "code": 109,
        "description": null,
        "degree": 34,
        "title": "Gesti\u00f3n de Empresas"
    },
    "model": "caluny.subject",
    "pk": 1678
},
{
    "fields": {
        "level": null,
        "code": 102,
        "description": null,
        "degree": 34,
        "title": "C\u00e1lculo"
    },
    "model": "caluny.subject",
    "pk": 1679
},
{
    "fields": {
        "level": null,
        "code": 103,
        "description": null,
        "degree": 34,
        "title": "Expresi\u00f3n Gr\u00e1fica en la Ingenier\u00eda"
    },
    "model": "caluny.subject",
    "pk": 1680
},
{
    "fields": {
        "level": null,
        "code": 101,
        "description": null,
        "degree": 34,
        "title": "\u00c1lgebra Lineal"
    },
    "model": "caluny.subject",
    "pk": 1681
},
{
    "fields": {
        "level": null,
        "code": 106,
        "description": null,
        "degree": 34,
        "title": "Ampliaci\u00f3n de C\u00e1lculo"
    },
    "model": "caluny.subject",
    "pk": 1682
},
{
    "fields": {
        "level": null,
        "code": 107,
        "description": null,
        "degree": 34,
        "title": "An\u00e1lisis Vectorial y Estad\u00edstico"
    },
    "model": "caluny.subject",
    "pk": 1683
},
{
    "fields": {
        "level": null,
        "code": 104,
        "description": null,
        "degree": 34,
        "title": "Fundamentos de Inform\u00e1tica"
    },
    "model": "caluny.subject",
    "pk": 1684
},
{
    "fields": {
        "level": null,
        "code": 105,
        "description": null,
        "degree": 34,
        "title": "F\u00edsica 1"
    },
    "model": "caluny.subject",
    "pk": 1685
},
{
    "fields": {
        "level": null,
        "code": 511,
        "description": null,
        "degree": 34,
        "title": "Ingl\u00e9s aplicado a la ingenier\u00eda el\u00e9ctrica"
    },
    "model": "caluny.subject",
    "pk": 1686
},
{
    "fields": {
        "level": null,
        "code": 510,
        "description": null,
        "degree": 34,
        "title": "Administraci\u00f3n de Operaciones"
    },
    "model": "caluny.subject",
    "pk": 1687
},
{
    "fields": {
        "level": null,
        "code": 407,
        "description": null,
        "degree": 35,
        "title": "T\u00e9cnicas de Iluminaci\u00f3n y Dom\u00f3tica"
    },
    "model": "caluny.subject",
    "pk": 1688
},
{
    "fields": {
        "level": null,
        "code": 406,
        "description": null,
        "degree": 35,
        "title": "Tecnolog\u00eda de Materiales"
    },
    "model": "caluny.subject",
    "pk": 1689
},
{
    "fields": {
        "level": null,
        "code": 405,
        "description": null,
        "degree": 35,
        "title": "Proyectos de Dise\u00f1o Industrial"
    },
    "model": "caluny.subject",
    "pk": 1690
},
{
    "fields": {
        "level": null,
        "code": 404,
        "description": null,
        "degree": 35,
        "title": "Presentaci\u00f3n Multimedia del Producto"
    },
    "model": "caluny.subject",
    "pk": 1691
},
{
    "fields": {
        "level": null,
        "code": 403,
        "description": null,
        "degree": 35,
        "title": "Ingenier\u00eda Energ\u00e9tica y Fluidomec\u00e1nica"
    },
    "model": "caluny.subject",
    "pk": 1692
},
{
    "fields": {
        "level": null,
        "code": 402,
        "description": null,
        "degree": 35,
        "title": "Idioma moderno (Ingl\u00e9s)"
    },
    "model": "caluny.subject",
    "pk": 1693
},
{
    "fields": {
        "level": null,
        "code": 401,
        "description": null,
        "degree": 35,
        "title": "Dise\u00f1o Ergon\u00f3mico y Ecodise\u00f1o"
    },
    "model": "caluny.subject",
    "pk": 1694
},
{
    "fields": {
        "level": null,
        "code": 409,
        "description": null,
        "degree": 35,
        "title": "Dibujo y An\u00e1lisis de Formas"
    },
    "model": "caluny.subject",
    "pk": 1695
},
{
    "fields": {
        "level": null,
        "code": 414,
        "description": null,
        "degree": 35,
        "title": "Trabajo Fin de Grado (Ingenier\u00eda Dise\u00f1o Ind. y D.P.)"
    },
    "model": "caluny.subject",
    "pk": 1696
},
{
    "fields": {
        "level": null,
        "code": 411,
        "description": null,
        "degree": 35,
        "title": "Eficiencia Energ\u00e9tica en el Producto"
    },
    "model": "caluny.subject",
    "pk": 1697
},
{
    "fields": {
        "level": null,
        "code": 412,
        "description": null,
        "degree": 35,
        "title": "Envase y Embalaje"
    },
    "model": "caluny.subject",
    "pk": 1698
},
{
    "fields": {
        "level": null,
        "code": 413,
        "description": null,
        "degree": 35,
        "title": "Metrolog\u00eda"
    },
    "model": "caluny.subject",
    "pk": 1699
},
{
    "fields": {
        "level": null,
        "code": 308,
        "description": null,
        "degree": 35,
        "title": "Administraci\u00f3n de Operaciones"
    },
    "model": "caluny.subject",
    "pk": 1700
},
{
    "fields": {
        "level": null,
        "code": 313,
        "description": null,
        "degree": 35,
        "title": "Proyectos de Dise\u00f1o"
    },
    "model": "caluny.subject",
    "pk": 1701
},
{
    "fields": {
        "level": null,
        "code": 312,
        "description": null,
        "degree": 35,
        "title": "Modelado y Simulaci\u00f3n de Sistemas Productivos"
    },
    "model": "caluny.subject",
    "pk": 1702
},
{
    "fields": {
        "level": null,
        "code": 311,
        "description": null,
        "degree": 35,
        "title": "Electr\u00f3nica y Automatizaci\u00f3n del Producto"
    },
    "model": "caluny.subject",
    "pk": 1703
},
{
    "fields": {
        "level": null,
        "code": 310,
        "description": null,
        "degree": 35,
        "title": "Dise\u00f1o de Comunicaci\u00f3n"
    },
    "model": "caluny.subject",
    "pk": 1704
},
{
    "fields": {
        "level": null,
        "code": 314,
        "description": null,
        "degree": 35,
        "title": "Tratamiento de Im\u00e1genes y Fotograf\u00eda Industrial"
    },
    "model": "caluny.subject",
    "pk": 1705
},
{
    "fields": {
        "level": null,
        "code": 110,
        "description": null,
        "degree": 35,
        "title": "Qu\u00edmica"
    },
    "model": "caluny.subject",
    "pk": 1706
},
{
    "fields": {
        "level": null,
        "code": 301,
        "description": null,
        "degree": 35,
        "title": "Dise\u00f1o Asistido por Ordenador"
    },
    "model": "caluny.subject",
    "pk": 1707
},
{
    "fields": {
        "level": null,
        "code": 201,
        "description": null,
        "degree": 35,
        "title": "Ciencia de los Materiales"
    },
    "model": "caluny.subject",
    "pk": 1708
},
{
    "fields": {
        "level": null,
        "code": 309,
        "description": null,
        "degree": 35,
        "title": "Desarrollo Hist\u00f3rico - Culturales del Dise\u00f1o Industrial"
    },
    "model": "caluny.subject",
    "pk": 1709
},
{
    "fields": {
        "level": null,
        "code": 203,
        "description": null,
        "degree": 35,
        "title": "Procesos Industriales"
    },
    "model": "caluny.subject",
    "pk": 1710
},
{
    "fields": {
        "level": null,
        "code": 202,
        "description": null,
        "degree": 35,
        "title": "Ingenier\u00eda Gr\u00e1fica del Producto"
    },
    "model": "caluny.subject",
    "pk": 1711
},
{
    "fields": {
        "level": null,
        "code": 205,
        "description": null,
        "degree": 35,
        "title": "Dibujo T\u00e9cnico"
    },
    "model": "caluny.subject",
    "pk": 1712
},
{
    "fields": {
        "level": null,
        "code": 204,
        "description": null,
        "degree": 35,
        "title": "Resistencia de Materiales"
    },
    "model": "caluny.subject",
    "pk": 1713
},
{
    "fields": {
        "level": null,
        "code": 207,
        "description": null,
        "degree": 35,
        "title": "Fundamentos del Dise\u00f1o"
    },
    "model": "caluny.subject",
    "pk": 1714
},
{
    "fields": {
        "level": null,
        "code": 206,
        "description": null,
        "degree": 35,
        "title": "Fundamentos de Ingenier\u00eda El\u00e9ctrica"
    },
    "model": "caluny.subject",
    "pk": 1715
},
{
    "fields": {
        "level": null,
        "code": 209,
        "description": null,
        "degree": 35,
        "title": "Teor\u00eda y Est\u00e9tica del Dise\u00f1o Industrial"
    },
    "model": "caluny.subject",
    "pk": 1716
},
{
    "fields": {
        "level": null,
        "code": 208,
        "description": null,
        "degree": 35,
        "title": "Sistemas Mec\u00e1nicos"
    },
    "model": "caluny.subject",
    "pk": 1717
},
{
    "fields": {
        "level": null,
        "code": 302,
        "description": null,
        "degree": 35,
        "title": "Dise\u00f1o Gr\u00e1fico Digital"
    },
    "model": "caluny.subject",
    "pk": 1718
},
{
    "fields": {
        "level": null,
        "code": 303,
        "description": null,
        "degree": 35,
        "title": "Dise\u00f1o y An\u00e1lisis Estructural Asistido"
    },
    "model": "caluny.subject",
    "pk": 1719
},
{
    "fields": {
        "level": null,
        "code": 304,
        "description": null,
        "degree": 35,
        "title": "Ingl\u00e9s Aplicado al Dise\u00f1o Industrial"
    },
    "model": "caluny.subject",
    "pk": 1720
},
{
    "fields": {
        "level": null,
        "code": 305,
        "description": null,
        "degree": 35,
        "title": "Metodolog\u00eda del Dise\u00f1o"
    },
    "model": "caluny.subject",
    "pk": 1721
},
{
    "fields": {
        "level": null,
        "code": 306,
        "description": null,
        "degree": 35,
        "title": "Reciclaje y Medio Ambiente"
    },
    "model": "caluny.subject",
    "pk": 1722
},
{
    "fields": {
        "level": null,
        "code": 307,
        "description": null,
        "degree": 35,
        "title": "Seguridad y Salud Laboral"
    },
    "model": "caluny.subject",
    "pk": 1723
},
{
    "fields": {
        "level": null,
        "code": 108,
        "description": null,
        "degree": 35,
        "title": "F\u00edsica 2"
    },
    "model": "caluny.subject",
    "pk": 1724
},
{
    "fields": {
        "level": null,
        "code": 109,
        "description": null,
        "degree": 35,
        "title": "Gesti\u00f3n de Empresas"
    },
    "model": "caluny.subject",
    "pk": 1725
},
{
    "fields": {
        "level": null,
        "code": 102,
        "description": null,
        "degree": 35,
        "title": "C\u00e1lculo"
    },
    "model": "caluny.subject",
    "pk": 1726
},
{
    "fields": {
        "level": null,
        "code": 103,
        "description": null,
        "degree": 35,
        "title": "Expresi\u00f3n Gr\u00e1fica en la Ingenier\u00eda"
    },
    "model": "caluny.subject",
    "pk": 1727
},
{
    "fields": {
        "level": null,
        "code": 101,
        "description": null,
        "degree": 35,
        "title": "\u00c1lgebra Lineal"
    },
    "model": "caluny.subject",
    "pk": 1728
},
{
    "fields": {
        "level": null,
        "code": 106,
        "description": null,
        "degree": 35,
        "title": "Ampliaci\u00f3n de C\u00e1lculo"
    },
    "model": "caluny.subject",
    "pk": 1729
},
{
    "fields": {
        "level": null,
        "code": 107,
        "description": null,
        "degree": 35,
        "title": "An\u00e1lisis Vectorial y Estad\u00edstico"
    },
    "model": "caluny.subject",
    "pk": 1730
},
{
    "fields": {
        "level": null,
        "code": 104,
        "description": null,
        "degree": 35,
        "title": "F\u00edsica 1"
    },
    "model": "caluny.subject",
    "pk": 1731
},
{
    "fields": {
        "level": null,
        "code": 105,
        "description": null,
        "degree": 35,
        "title": "Fundamentos de Inform\u00e1tica"
    },
    "model": "caluny.subject",
    "pk": 1732
},
{
    "fields": {
        "level": null,
        "code": 212,
        "description": null,
        "degree": 36,
        "title": "Mec\u00e1nica de Fluidos"
    },
    "model": "caluny.subject",
    "pk": 1733
},
{
    "fields": {
        "level": null,
        "code": 210,
        "description": null,
        "degree": 36,
        "title": "Fundamentos de Electr\u00f3nica"
    },
    "model": "caluny.subject",
    "pk": 1734
},
{
    "fields": {
        "level": null,
        "code": 211,
        "description": null,
        "degree": 36,
        "title": "Fundamentos de Ingenier\u00eda El\u00e9ctrica"
    },
    "model": "caluny.subject",
    "pk": 1735
},
{
    "fields": {
        "level": null,
        "code": 407,
        "description": null,
        "degree": 36,
        "title": "Sistemas Digitales Avanzados"
    },
    "model": "caluny.subject",
    "pk": 1736
},
{
    "fields": {
        "level": null,
        "code": 406,
        "description": null,
        "degree": 36,
        "title": "Oficina T\u00e9cnica"
    },
    "model": "caluny.subject",
    "pk": 1737
},
{
    "fields": {
        "level": null,
        "code": 405,
        "description": null,
        "degree": 36,
        "title": "Instrumentaci\u00f3n Electr\u00f3nica"
    },
    "model": "caluny.subject",
    "pk": 1738
},
{
    "fields": {
        "level": null,
        "code": 404,
        "description": null,
        "degree": 36,
        "title": "Instalaciones y M\u00e1quinas El\u00e9ctricas"
    },
    "model": "caluny.subject",
    "pk": 1739
},
{
    "fields": {
        "level": null,
        "code": 403,
        "description": null,
        "degree": 36,
        "title": "Ingenier\u00eda de Equipos Electr\u00f3nicos"
    },
    "model": "caluny.subject",
    "pk": 1740
},
{
    "fields": {
        "level": null,
        "code": 402,
        "description": null,
        "degree": 36,
        "title": "Electr\u00f3nica de Potencia"
    },
    "model": "caluny.subject",
    "pk": 1741
},
{
    "fields": {
        "level": null,
        "code": 401,
        "description": null,
        "degree": 36,
        "title": "Circuitos Integrados"
    },
    "model": "caluny.subject",
    "pk": 1742
},
{
    "fields": {
        "level": null,
        "code": 409,
        "description": null,
        "degree": 36,
        "title": "Equipos Electr\u00f3nicos de Medida"
    },
    "model": "caluny.subject",
    "pk": 1743
},
{
    "fields": {
        "level": null,
        "code": 408,
        "description": null,
        "degree": 36,
        "title": "Dise\u00f1o de Controladores Industriales"
    },
    "model": "caluny.subject",
    "pk": 1744
},
{
    "fields": {
        "level": null,
        "code": 410,
        "description": null,
        "degree": 36,
        "title": "Microelectr\u00f3nica"
    },
    "model": "caluny.subject",
    "pk": 1745
},
{
    "fields": {
        "level": null,
        "code": 411,
        "description": null,
        "degree": 36,
        "title": "Seguridad y Salud Laboral"
    },
    "model": "caluny.subject",
    "pk": 1746
},
{
    "fields": {
        "level": null,
        "code": 412,
        "description": null,
        "degree": 36,
        "title": "Tecnolog\u00eda Electr\u00f3nica"
    },
    "model": "caluny.subject",
    "pk": 1747
},
{
    "fields": {
        "level": null,
        "code": 413,
        "description": null,
        "degree": 36,
        "title": "Trabajo Fin de Grado"
    },
    "model": "caluny.subject",
    "pk": 1748
},
{
    "fields": {
        "level": null,
        "code": 308,
        "description": null,
        "degree": 36,
        "title": "Automatizaci\u00f3n Industrial"
    },
    "model": "caluny.subject",
    "pk": 1749
},
{
    "fields": {
        "level": null,
        "code": 313,
        "description": null,
        "degree": 36,
        "title": "Sistemas Electr\u00f3nicos Digitales"
    },
    "model": "caluny.subject",
    "pk": 1750
},
{
    "fields": {
        "level": null,
        "code": 312,
        "description": null,
        "degree": 36,
        "title": "Mantenimiento Industrial"
    },
    "model": "caluny.subject",
    "pk": 1751
},
{
    "fields": {
        "level": null,
        "code": 311,
        "description": null,
        "degree": 36,
        "title": "Ingl\u00e9s aplicado a la Ingenier\u00eda Electr\u00f3nica"
    },
    "model": "caluny.subject",
    "pk": 1752
},
{
    "fields": {
        "level": null,
        "code": 310,
        "description": null,
        "degree": 36,
        "title": "Ingenier\u00eda Gr\u00e1fica en Electr\u00f3nica"
    },
    "model": "caluny.subject",
    "pk": 1753
},
{
    "fields": {
        "level": null,
        "code": 314,
        "description": null,
        "degree": 36,
        "title": "Sistemas de Percepci\u00f3n para la Automatizaci\u00f3n"
    },
    "model": "caluny.subject",
    "pk": 1754
},
{
    "fields": {
        "level": null,
        "code": 110,
        "description": null,
        "degree": 36,
        "title": "Fundamentos de Inform\u00e1tica"
    },
    "model": "caluny.subject",
    "pk": 1755
},
{
    "fields": {
        "level": null,
        "code": 301,
        "description": null,
        "degree": 36,
        "title": "An\u00e1lisis de Redes El\u00e9ctricas"
    },
    "model": "caluny.subject",
    "pk": 1756
},
{
    "fields": {
        "level": null,
        "code": 201,
        "description": null,
        "degree": 36,
        "title": "Administraci\u00f3n de Operaciones"
    },
    "model": "caluny.subject",
    "pk": 1757
},
{
    "fields": {
        "level": null,
        "code": 309,
        "description": null,
        "degree": 36,
        "title": "Inform\u00e1tica Industrial"
    },
    "model": "caluny.subject",
    "pk": 1758
},
{
    "fields": {
        "level": null,
        "code": 203,
        "description": null,
        "degree": 36,
        "title": "Ingenier\u00eda de Fabricaci\u00f3n"
    },
    "model": "caluny.subject",
    "pk": 1759
},
{
    "fields": {
        "level": null,
        "code": 202,
        "description": null,
        "degree": 36,
        "title": "Ampliaci\u00f3n de F\u00edsica"
    },
    "model": "caluny.subject",
    "pk": 1760
},
{
    "fields": {
        "level": null,
        "code": 205,
        "description": null,
        "degree": 36,
        "title": "Sistemas Inform\u00e1ticos"
    },
    "model": "caluny.subject",
    "pk": 1761
},
{
    "fields": {
        "level": null,
        "code": 204,
        "description": null,
        "degree": 36,
        "title": "Resistencia de Materiales"
    },
    "model": "caluny.subject",
    "pk": 1762
},
{
    "fields": {
        "level": null,
        "code": 207,
        "description": null,
        "degree": 36,
        "title": "Termotecnia"
    },
    "model": "caluny.subject",
    "pk": 1763
},
{
    "fields": {
        "level": null,
        "code": 206,
        "description": null,
        "degree": 36,
        "title": "Teor\u00eda de M\u00e1quinas"
    },
    "model": "caluny.subject",
    "pk": 1764
},
{
    "fields": {
        "level": null,
        "code": 209,
        "description": null,
        "degree": 36,
        "title": "Ciencia de los Materiales"
    },
    "model": "caluny.subject",
    "pk": 1765
},
{
    "fields": {
        "level": null,
        "code": 208,
        "description": null,
        "degree": 36,
        "title": "Autom\u00e1tica"
    },
    "model": "caluny.subject",
    "pk": 1766
},
{
    "fields": {
        "level": null,
        "code": 302,
        "description": null,
        "degree": 36,
        "title": "Dise\u00f1o y An\u00e1lisis Estructural Asistido"
    },
    "model": "caluny.subject",
    "pk": 1767
},
{
    "fields": {
        "level": null,
        "code": 303,
        "description": null,
        "degree": 36,
        "title": "Electr\u00f3nica Anal\u00f3gica"
    },
    "model": "caluny.subject",
    "pk": 1768
},
{
    "fields": {
        "level": null,
        "code": 304,
        "description": null,
        "degree": 36,
        "title": "Electr\u00f3nica Digital"
    },
    "model": "caluny.subject",
    "pk": 1769
},
{
    "fields": {
        "level": null,
        "code": 305,
        "description": null,
        "degree": 36,
        "title": "Programaci\u00f3n de Robots Industriales"
    },
    "model": "caluny.subject",
    "pk": 1770
},
{
    "fields": {
        "level": null,
        "code": 306,
        "description": null,
        "degree": 36,
        "title": "Regulaci\u00f3n Autom\u00e1tica"
    },
    "model": "caluny.subject",
    "pk": 1771
},
{
    "fields": {
        "level": null,
        "code": 307,
        "description": null,
        "degree": 36,
        "title": "T\u00e9cnicas de Iluminaci\u00f3n y Dom\u00f3tica"
    },
    "model": "caluny.subject",
    "pk": 1772
},
{
    "fields": {
        "level": null,
        "code": 108,
        "description": null,
        "degree": 36,
        "title": "Expresi\u00f3n Gr\u00e1fica en la Ingenier\u00eda"
    },
    "model": "caluny.subject",
    "pk": 1773
},
{
    "fields": {
        "level": null,
        "code": 109,
        "description": null,
        "degree": 36,
        "title": "F\u00edsica 2"
    },
    "model": "caluny.subject",
    "pk": 1774
},
{
    "fields": {
        "level": null,
        "code": 102,
        "description": null,
        "degree": 36,
        "title": "C\u00e1lculo"
    },
    "model": "caluny.subject",
    "pk": 1775
},
{
    "fields": {
        "level": null,
        "code": 103,
        "description": null,
        "degree": 36,
        "title": "F\u00edsica 1"
    },
    "model": "caluny.subject",
    "pk": 1776
},
{
    "fields": {
        "level": null,
        "code": 101,
        "description": null,
        "degree": 36,
        "title": "\u00c1lgebra Lineal"
    },
    "model": "caluny.subject",
    "pk": 1777
},
{
    "fields": {
        "level": null,
        "code": 106,
        "description": null,
        "degree": 36,
        "title": "Ampliaci\u00f3n de C\u00e1lculo"
    },
    "model": "caluny.subject",
    "pk": 1778
},
{
    "fields": {
        "level": null,
        "code": 107,
        "description": null,
        "degree": 36,
        "title": "An\u00e1lisis Vectorial y Estad\u00edstico"
    },
    "model": "caluny.subject",
    "pk": 1779
},
{
    "fields": {
        "level": null,
        "code": 104,
        "description": null,
        "degree": 36,
        "title": "Gesti\u00f3n de Empresas"
    },
    "model": "caluny.subject",
    "pk": 1780
},
{
    "fields": {
        "level": null,
        "code": 105,
        "description": null,
        "degree": 36,
        "title": "Qu\u00edmica"
    },
    "model": "caluny.subject",
    "pk": 1781
},
{
    "fields": {
        "level": null,
        "code": 210,
        "description": null,
        "degree": 37,
        "title": "Teor\u00eda de M\u00e1quinas"
    },
    "model": "caluny.subject",
    "pk": 1782
},
{
    "fields": {
        "level": null,
        "code": 407,
        "description": null,
        "degree": 37,
        "title": "Dise\u00f1o Mec\u00e1nico Asistido por Ordenador"
    },
    "model": "caluny.subject",
    "pk": 1783
},
{
    "fields": {
        "level": null,
        "code": 406,
        "description": null,
        "degree": 37,
        "title": "Desarrollo Hist\u00f3rico - Culturales del Dise\u00f1o Industrial"
    },
    "model": "caluny.subject",
    "pk": 1784
},
{
    "fields": {
        "level": null,
        "code": 405,
        "description": null,
        "degree": 37,
        "title": "C\u00e1lculo y Dise\u00f1o de M\u00e1quinas"
    },
    "model": "caluny.subject",
    "pk": 1785
},
{
    "fields": {
        "level": null,
        "code": 404,
        "description": null,
        "degree": 37,
        "title": "Tecnolog\u00eda de Fabricaci\u00f3n"
    },
    "model": "caluny.subject",
    "pk": 1786
},
{
    "fields": {
        "level": null,
        "code": 403,
        "description": null,
        "degree": 37,
        "title": "Ingenier\u00eda T\u00e9rmica"
    },
    "model": "caluny.subject",
    "pk": 1787
},
{
    "fields": {
        "level": null,
        "code": 401,
        "description": null,
        "degree": 37,
        "title": "Dise\u00f1o Ergon\u00f3mico y Ecodise\u00f1o"
    },
    "model": "caluny.subject",
    "pk": 1788
},
{
    "fields": {
        "level": null,
        "code": 509,
        "description": null,
        "degree": 37,
        "title": "Administraci\u00f3n de Operaciones"
    },
    "model": "caluny.subject",
    "pk": 1789
},
{
    "fields": {
        "level": null,
        "code": 504,
        "description": null,
        "degree": 37,
        "title": "Metrolog\u00eda y Calidad"
    },
    "model": "caluny.subject",
    "pk": 1790
},
{
    "fields": {
        "level": null,
        "code": 505,
        "description": null,
        "degree": 37,
        "title": "Oficina T\u00e9cnica"
    },
    "model": "caluny.subject",
    "pk": 1791
},
{
    "fields": {
        "level": null,
        "code": 502,
        "description": null,
        "degree": 37,
        "title": "Ingl\u00e9s aplicado a la Ingenier\u00eda Mec\u00e1nica"
    },
    "model": "caluny.subject",
    "pk": 1792
},
{
    "fields": {
        "level": null,
        "code": 503,
        "description": null,
        "degree": 37,
        "title": "Ingl\u00e9s Aplicado al Dise\u00f1o Industrial"
    },
    "model": "caluny.subject",
    "pk": 1793
},
{
    "fields": {
        "level": null,
        "code": 409,
        "description": null,
        "degree": 37,
        "title": "Motores T\u00e9rmicos"
    },
    "model": "caluny.subject",
    "pk": 1794
},
{
    "fields": {
        "level": null,
        "code": 408,
        "description": null,
        "degree": 37,
        "title": "Mec\u00e1nica Experimental y T\u00e9cnicas de Simulaci\u00f3n de M\u00e1quinas"
    },
    "model": "caluny.subject",
    "pk": 1795
},
{
    "fields": {
        "level": null,
        "code": 508,
        "description": null,
        "degree": 37,
        "title": "T\u00e9cnicas de Iluminaci\u00f3n y Dom\u00f3tica"
    },
    "model": "caluny.subject",
    "pk": 1796
},
{
    "fields": {
        "level": null,
        "code": 414,
        "description": null,
        "degree": 37,
        "title": "Ingenier\u00eda de Veh\u00edculos Autom\u00f3viles"
    },
    "model": "caluny.subject",
    "pk": 1797
},
{
    "fields": {
        "level": null,
        "code": 415,
        "description": null,
        "degree": 37,
        "title": "Mantenimiento Industrial"
    },
    "model": "caluny.subject",
    "pk": 1798
},
{
    "fields": {
        "level": null,
        "code": 416,
        "description": null,
        "degree": 37,
        "title": "Materiales para la Construcci\u00f3n"
    },
    "model": "caluny.subject",
    "pk": 1799
},
{
    "fields": {
        "level": null,
        "code": 417,
        "description": null,
        "degree": 37,
        "title": "Mec\u00e1nica de Suelos y Cimentaciones"
    },
    "model": "caluny.subject",
    "pk": 1800
},
{
    "fields": {
        "level": null,
        "code": 410,
        "description": null,
        "degree": 37,
        "title": "Dise\u00f1o Gr\u00e1fico Digital"
    },
    "model": "caluny.subject",
    "pk": 1801
},
{
    "fields": {
        "level": null,
        "code": 411,
        "description": null,
        "degree": 37,
        "title": "Dise\u00f1o y An\u00e1lisis Estructural Asistido"
    },
    "model": "caluny.subject",
    "pk": 1802
},
{
    "fields": {
        "level": null,
        "code": 412,
        "description": null,
        "degree": 37,
        "title": "Equipos Electr\u00f3nicos de Medida"
    },
    "model": "caluny.subject",
    "pk": 1803
},
{
    "fields": {
        "level": null,
        "code": 413,
        "description": null,
        "degree": 37,
        "title": "Idioma moderno (Ingl\u00e9s)"
    },
    "model": "caluny.subject",
    "pk": 1804
},
{
    "fields": {
        "level": null,
        "code": 501,
        "description": null,
        "degree": 37,
        "title": "Estructuras de Hormig\u00f3n"
    },
    "model": "caluny.subject",
    "pk": 1805
},
{
    "fields": {
        "level": null,
        "code": 418,
        "description": null,
        "degree": 37,
        "title": "Presentaci\u00f3n Multimedia del Producto"
    },
    "model": "caluny.subject",
    "pk": 1806
},
{
    "fields": {
        "level": null,
        "code": 419,
        "description": null,
        "degree": 37,
        "title": "Programaci\u00f3n de Robots Industriales"
    },
    "model": "caluny.subject",
    "pk": 1807
},
{
    "fields": {
        "level": null,
        "code": 308,
        "description": null,
        "degree": 37,
        "title": "Tecnolog\u00eda de Materiales"
    },
    "model": "caluny.subject",
    "pk": 1808
},
{
    "fields": {
        "level": null,
        "code": 110,
        "description": null,
        "degree": 37,
        "title": "Qu\u00edmica"
    },
    "model": "caluny.subject",
    "pk": 1809
},
{
    "fields": {
        "level": null,
        "code": 301,
        "description": null,
        "degree": 37,
        "title": "Dise\u00f1o Asistido por Ordenador"
    },
    "model": "caluny.subject",
    "pk": 1810
},
{
    "fields": {
        "level": null,
        "code": 421,
        "description": null,
        "degree": 37,
        "title": "Reciclaje y Medio Ambiente"
    },
    "model": "caluny.subject",
    "pk": 1811
},
{
    "fields": {
        "level": null,
        "code": 420,
        "description": null,
        "degree": 37,
        "title": "Proyectos de Dise\u00f1o Industrial"
    },
    "model": "caluny.subject",
    "pk": 1812
},
{
    "fields": {
        "level": null,
        "code": 201,
        "description": null,
        "degree": 37,
        "title": "Autom\u00e1tica"
    },
    "model": "caluny.subject",
    "pk": 1813
},
{
    "fields": {
        "level": null,
        "code": 309,
        "description": null,
        "degree": 37,
        "title": "Teor\u00eda y Est\u00e9tica del Dise\u00f1o Industrial"
    },
    "model": "caluny.subject",
    "pk": 1814
},
{
    "fields": {
        "level": null,
        "code": 203,
        "description": null,
        "degree": 37,
        "title": "Fundamentos de Electr\u00f3nica"
    },
    "model": "caluny.subject",
    "pk": 1815
},
{
    "fields": {
        "level": null,
        "code": 202,
        "description": null,
        "degree": 37,
        "title": "Ciencia de los Materiales"
    },
    "model": "caluny.subject",
    "pk": 1816
},
{
    "fields": {
        "level": null,
        "code": 205,
        "description": null,
        "degree": 37,
        "title": "Termotecnia"
    },
    "model": "caluny.subject",
    "pk": 1817
},
{
    "fields": {
        "level": null,
        "code": 204,
        "description": null,
        "degree": 37,
        "title": "Fundamentos de Ingenier\u00eda El\u00e9ctrica"
    },
    "model": "caluny.subject",
    "pk": 1818
},
{
    "fields": {
        "level": null,
        "code": 207,
        "description": null,
        "degree": 37,
        "title": "Ingenier\u00eda de Fabricaci\u00f3n"
    },
    "model": "caluny.subject",
    "pk": 1819
},
{
    "fields": {
        "level": null,
        "code": 206,
        "description": null,
        "degree": 37,
        "title": "Fundamentos del Dise\u00f1o"
    },
    "model": "caluny.subject",
    "pk": 1820
},
{
    "fields": {
        "level": null,
        "code": 209,
        "description": null,
        "degree": 37,
        "title": "Resistencia de Materiales"
    },
    "model": "caluny.subject",
    "pk": 1821
},
{
    "fields": {
        "level": null,
        "code": 208,
        "description": null,
        "degree": 37,
        "title": "Mec\u00e1nica de Fluidos"
    },
    "model": "caluny.subject",
    "pk": 1822
},
{
    "fields": {
        "level": null,
        "code": 302,
        "description": null,
        "degree": 37,
        "title": "Ingenier\u00eda Gr\u00e1fica del Producto"
    },
    "model": "caluny.subject",
    "pk": 1823
},
{
    "fields": {
        "level": null,
        "code": 303,
        "description": null,
        "degree": 37,
        "title": "Metodolog\u00eda del Dise\u00f1o"
    },
    "model": "caluny.subject",
    "pk": 1824
},
{
    "fields": {
        "level": null,
        "code": 304,
        "description": null,
        "degree": 37,
        "title": "Teor\u00eda de Estructuras y Construcciones Industriales"
    },
    "model": "caluny.subject",
    "pk": 1825
},
{
    "fields": {
        "level": null,
        "code": 305,
        "description": null,
        "degree": 37,
        "title": "Dise\u00f1o de Comunicaci\u00f3n"
    },
    "model": "caluny.subject",
    "pk": 1826
},
{
    "fields": {
        "level": null,
        "code": 306,
        "description": null,
        "degree": 37,
        "title": "Estructuras Met\u00e1licas"
    },
    "model": "caluny.subject",
    "pk": 1827
},
{
    "fields": {
        "level": null,
        "code": 307,
        "description": null,
        "degree": 37,
        "title": "M\u00e1quinas Fluidomec\u00e1nicas"
    },
    "model": "caluny.subject",
    "pk": 1828
},
{
    "fields": {
        "level": null,
        "code": 108,
        "description": null,
        "degree": 37,
        "title": "F\u00edsica 2"
    },
    "model": "caluny.subject",
    "pk": 1829
},
{
    "fields": {
        "level": null,
        "code": 109,
        "description": null,
        "degree": 37,
        "title": "Gesti\u00f3n de Empresas"
    },
    "model": "caluny.subject",
    "pk": 1830
},
{
    "fields": {
        "level": null,
        "code": 102,
        "description": null,
        "degree": 37,
        "title": "C\u00e1lculo"
    },
    "model": "caluny.subject",
    "pk": 1831
},
{
    "fields": {
        "level": null,
        "code": 103,
        "description": null,
        "degree": 37,
        "title": "Expresi\u00f3n Gr\u00e1fica en la Ingenier\u00eda"
    },
    "model": "caluny.subject",
    "pk": 1832
},
{
    "fields": {
        "level": null,
        "code": 101,
        "description": null,
        "degree": 37,
        "title": "\u00c1lgebra Lineal"
    },
    "model": "caluny.subject",
    "pk": 1833
},
{
    "fields": {
        "level": null,
        "code": 106,
        "description": null,
        "degree": 37,
        "title": "Ampliaci\u00f3n de C\u00e1lculo"
    },
    "model": "caluny.subject",
    "pk": 1834
},
{
    "fields": {
        "level": null,
        "code": 107,
        "description": null,
        "degree": 37,
        "title": "An\u00e1lisis Vectorial y Estad\u00edstico"
    },
    "model": "caluny.subject",
    "pk": 1835
},
{
    "fields": {
        "level": null,
        "code": 104,
        "description": null,
        "degree": 37,
        "title": "Fundamentos de Inform\u00e1tica"
    },
    "model": "caluny.subject",
    "pk": 1836
},
{
    "fields": {
        "level": null,
        "code": 105,
        "description": null,
        "degree": 37,
        "title": "F\u00edsica 1"
    },
    "model": "caluny.subject",
    "pk": 1837
},
{
    "fields": {
        "level": null,
        "code": 511,
        "description": null,
        "degree": 37,
        "title": "Envase y Embalaje"
    },
    "model": "caluny.subject",
    "pk": 1838
},
{
    "fields": {
        "level": null,
        "code": 510,
        "description": null,
        "degree": 37,
        "title": "Seguridad y Salud Laboral"
    },
    "model": "caluny.subject",
    "pk": 1839
},
{
    "fields": {
        "level": null,
        "code": 515,
        "description": null,
        "degree": 37,
        "title": "Trabajo Fin de Grado (Ingenier\u00eda Dise\u00f1o Ind. y D.P.)"
    },
    "model": "caluny.subject",
    "pk": 1840
},
{
    "fields": {
        "level": null,
        "code": 514,
        "description": null,
        "degree": 37,
        "title": "Trabajo Fin de Grado (Ingenier\u00eda Mec\u00e1nica)"
    },
    "model": "caluny.subject",
    "pk": 1841
},
{
    "fields": {
        "level": null,
        "code": 212,
        "description": null,
        "degree": 38,
        "title": "Teor\u00eda de M\u00e1quinas"
    },
    "model": "caluny.subject",
    "pk": 1842
},
{
    "fields": {
        "level": null,
        "code": 210,
        "description": null,
        "degree": 38,
        "title": "Resistencia de Materiales"
    },
    "model": "caluny.subject",
    "pk": 1843
},
{
    "fields": {
        "level": null,
        "code": 211,
        "description": null,
        "degree": 38,
        "title": "Sistemas Inform\u00e1ticos"
    },
    "model": "caluny.subject",
    "pk": 1844
},
{
    "fields": {
        "level": null,
        "code": 407,
        "description": null,
        "degree": 38,
        "title": "Metrolog\u00eda y Calidad"
    },
    "model": "caluny.subject",
    "pk": 1845
},
{
    "fields": {
        "level": null,
        "code": 406,
        "description": null,
        "degree": 38,
        "title": "Mec\u00e1nica de Suelos y Cimentaciones"
    },
    "model": "caluny.subject",
    "pk": 1846
},
{
    "fields": {
        "level": null,
        "code": 405,
        "description": null,
        "degree": 38,
        "title": "Mantenimiento Industrial"
    },
    "model": "caluny.subject",
    "pk": 1847
},
{
    "fields": {
        "level": null,
        "code": 404,
        "description": null,
        "degree": 38,
        "title": "Ingenier\u00eda de Veh\u00edculos Autom\u00f3viles"
    },
    "model": "caluny.subject",
    "pk": 1848
},
{
    "fields": {
        "level": null,
        "code": 403,
        "description": null,
        "degree": 38,
        "title": "Estructuras de Hormig\u00f3n"
    },
    "model": "caluny.subject",
    "pk": 1849
},
{
    "fields": {
        "level": null,
        "code": 402,
        "description": null,
        "degree": 38,
        "title": "Equipos Electr\u00f3nicos de Medida"
    },
    "model": "caluny.subject",
    "pk": 1850
},
{
    "fields": {
        "level": null,
        "code": 401,
        "description": null,
        "degree": 38,
        "title": "Dise\u00f1o y An\u00e1lisis Estructural Asistido"
    },
    "model": "caluny.subject",
    "pk": 1851
},
{
    "fields": {
        "level": null,
        "code": 409,
        "description": null,
        "degree": 38,
        "title": "T\u00e9cnicas de Iluminaci\u00f3n y Dom\u00f3tica"
    },
    "model": "caluny.subject",
    "pk": 1852
},
{
    "fields": {
        "level": null,
        "code": 408,
        "description": null,
        "degree": 38,
        "title": "Oficina T\u00e9cnica"
    },
    "model": "caluny.subject",
    "pk": 1853
},
{
    "fields": {
        "level": null,
        "code": 414,
        "description": null,
        "degree": 38,
        "title": "Soldadura"
    },
    "model": "caluny.subject",
    "pk": 1854
},
{
    "fields": {
        "level": null,
        "code": 415,
        "description": null,
        "degree": 38,
        "title": "Trabajo Fin de Grado (Ingenier\u00eda Mec\u00e1nica)"
    },
    "model": "caluny.subject",
    "pk": 1855
},
{
    "fields": {
        "level": null,
        "code": 410,
        "description": null,
        "degree": 38,
        "title": "Energ\u00edas Renovables y Eficiencia Energ\u00e9tica"
    },
    "model": "caluny.subject",
    "pk": 1856
},
{
    "fields": {
        "level": null,
        "code": 411,
        "description": null,
        "degree": 38,
        "title": "Mec\u00e1nica Experimental y T\u00e9cnicas de Simulaci\u00f3n de M\u00e1quinas"
    },
    "model": "caluny.subject",
    "pk": 1857
},
{
    "fields": {
        "level": null,
        "code": 412,
        "description": null,
        "degree": 38,
        "title": "Motores T\u00e9rmicos"
    },
    "model": "caluny.subject",
    "pk": 1858
},
{
    "fields": {
        "level": null,
        "code": 413,
        "description": null,
        "degree": 38,
        "title": "Seguridad y Salud Laboral"
    },
    "model": "caluny.subject",
    "pk": 1859
},
{
    "fields": {
        "level": null,
        "code": 308,
        "description": null,
        "degree": 38,
        "title": "C\u00e1lculo y Dise\u00f1o de M\u00e1quinas"
    },
    "model": "caluny.subject",
    "pk": 1860
},
{
    "fields": {
        "level": null,
        "code": 312,
        "description": null,
        "degree": 38,
        "title": "Tecnolog\u00eda de Materiales"
    },
    "model": "caluny.subject",
    "pk": 1861
},
{
    "fields": {
        "level": null,
        "code": 311,
        "description": null,
        "degree": 38,
        "title": "M\u00e1quinas Fluidomec\u00e1nicas"
    },
    "model": "caluny.subject",
    "pk": 1862
},
{
    "fields": {
        "level": null,
        "code": 310,
        "description": null,
        "degree": 38,
        "title": "Estructuras Met\u00e1licas"
    },
    "model": "caluny.subject",
    "pk": 1863
},
{
    "fields": {
        "level": null,
        "code": 110,
        "description": null,
        "degree": 38,
        "title": "Qu\u00edmica"
    },
    "model": "caluny.subject",
    "pk": 1864
},
{
    "fields": {
        "level": null,
        "code": 301,
        "description": null,
        "degree": 38,
        "title": "Administraci\u00f3n de Operaciones"
    },
    "model": "caluny.subject",
    "pk": 1865
},
{
    "fields": {
        "level": null,
        "code": 201,
        "description": null,
        "degree": 38,
        "title": "Autom\u00e1tica"
    },
    "model": "caluny.subject",
    "pk": 1866
},
{
    "fields": {
        "level": null,
        "code": 309,
        "description": null,
        "degree": 38,
        "title": "Dise\u00f1o Mec\u00e1nico Asistido por Ordenador"
    },
    "model": "caluny.subject",
    "pk": 1867
},
{
    "fields": {
        "level": null,
        "code": 203,
        "description": null,
        "degree": 38,
        "title": "Fundamentos de Electr\u00f3nica"
    },
    "model": "caluny.subject",
    "pk": 1868
},
{
    "fields": {
        "level": null,
        "code": 202,
        "description": null,
        "degree": 38,
        "title": "Ciencia de los Materiales"
    },
    "model": "caluny.subject",
    "pk": 1869
},
{
    "fields": {
        "level": null,
        "code": 205,
        "description": null,
        "degree": 38,
        "title": "Termotecnia"
    },
    "model": "caluny.subject",
    "pk": 1870
},
{
    "fields": {
        "level": null,
        "code": 204,
        "description": null,
        "degree": 38,
        "title": "Fundamentos de Ingenier\u00eda El\u00e9ctrica"
    },
    "model": "caluny.subject",
    "pk": 1871
},
{
    "fields": {
        "level": null,
        "code": 207,
        "description": null,
        "degree": 38,
        "title": "Ingenier\u00eda de Fabricaci\u00f3n"
    },
    "model": "caluny.subject",
    "pk": 1872
},
{
    "fields": {
        "level": null,
        "code": 206,
        "description": null,
        "degree": 38,
        "title": "Ampliaci\u00f3n de F\u00edsica"
    },
    "model": "caluny.subject",
    "pk": 1873
},
{
    "fields": {
        "level": null,
        "code": 209,
        "description": null,
        "degree": 38,
        "title": "Mec\u00e1nica de Fluidos"
    },
    "model": "caluny.subject",
    "pk": 1874
},
{
    "fields": {
        "level": null,
        "code": 208,
        "description": null,
        "degree": 38,
        "title": "Ingl\u00e9s aplicado a la Ingenier\u00eda Mec\u00e1nica"
    },
    "model": "caluny.subject",
    "pk": 1875
},
{
    "fields": {
        "level": null,
        "code": 302,
        "description": null,
        "degree": 38,
        "title": "Ingenier\u00eda Gr\u00e1fica Mec\u00e1nica y Topograf\u00eda"
    },
    "model": "caluny.subject",
    "pk": 1876
},
{
    "fields": {
        "level": null,
        "code": 303,
        "description": null,
        "degree": 38,
        "title": "Ingenier\u00eda T\u00e9rmica"
    },
    "model": "caluny.subject",
    "pk": 1877
},
{
    "fields": {
        "level": null,
        "code": 304,
        "description": null,
        "degree": 38,
        "title": "Materiales para la Construcci\u00f3n"
    },
    "model": "caluny.subject",
    "pk": 1878
},
{
    "fields": {
        "level": null,
        "code": 305,
        "description": null,
        "degree": 38,
        "title": "Programaci\u00f3n de Robots Industriales"
    },
    "model": "caluny.subject",
    "pk": 1879
},
{
    "fields": {
        "level": null,
        "code": 306,
        "description": null,
        "degree": 38,
        "title": "Tecnolog\u00eda de Fabricaci\u00f3n"
    },
    "model": "caluny.subject",
    "pk": 1880
},
{
    "fields": {
        "level": null,
        "code": 307,
        "description": null,
        "degree": 38,
        "title": "Teor\u00eda de Estructuras y Construcciones Industriales"
    },
    "model": "caluny.subject",
    "pk": 1881
},
{
    "fields": {
        "level": null,
        "code": 108,
        "description": null,
        "degree": 38,
        "title": "F\u00edsica II"
    },
    "model": "caluny.subject",
    "pk": 1882
},
{
    "fields": {
        "level": null,
        "code": 109,
        "description": null,
        "degree": 38,
        "title": "Gesti\u00f3n de Empresas"
    },
    "model": "caluny.subject",
    "pk": 1883
},
{
    "fields": {
        "level": null,
        "code": 102,
        "description": null,
        "degree": 38,
        "title": "C\u00e1lculo"
    },
    "model": "caluny.subject",
    "pk": 1884
},
{
    "fields": {
        "level": null,
        "code": 103,
        "description": null,
        "degree": 38,
        "title": "Expresi\u00f3n Gr\u00e1fica en la Ingenier\u00eda"
    },
    "model": "caluny.subject",
    "pk": 1885
},
{
    "fields": {
        "level": null,
        "code": 101,
        "description": null,
        "degree": 38,
        "title": "\u00c1lgebra Lineal"
    },
    "model": "caluny.subject",
    "pk": 1886
},
{
    "fields": {
        "level": null,
        "code": 106,
        "description": null,
        "degree": 38,
        "title": "Ampliaci\u00f3n de C\u00e1lculo"
    },
    "model": "caluny.subject",
    "pk": 1887
},
{
    "fields": {
        "level": null,
        "code": 107,
        "description": null,
        "degree": 38,
        "title": "An\u00e1lisis Vectorial y Estad\u00edstico"
    },
    "model": "caluny.subject",
    "pk": 1888
},
{
    "fields": {
        "level": null,
        "code": 104,
        "description": null,
        "degree": 38,
        "title": "Fundamentos de Inform\u00e1tica"
    },
    "model": "caluny.subject",
    "pk": 1889
},
{
    "fields": {
        "level": null,
        "code": 105,
        "description": null,
        "degree": 38,
        "title": "F\u00edsica I"
    },
    "model": "caluny.subject",
    "pk": 1890
},
{
    "fields": {
        "level": null,
        "code": 212,
        "description": null,
        "degree": 39,
        "title": "Mec\u00e1nica de Fluidos"
    },
    "model": "caluny.subject",
    "pk": 1891
},
{
    "fields": {
        "level": null,
        "code": 210,
        "description": null,
        "degree": 39,
        "title": "Fundamentos de Electr\u00f3nica"
    },
    "model": "caluny.subject",
    "pk": 1892
},
{
    "fields": {
        "level": null,
        "code": 211,
        "description": null,
        "degree": 39,
        "title": "Fundamentos de Ingenier\u00eda El\u00e9ctrica"
    },
    "model": "caluny.subject",
    "pk": 1893
},
{
    "fields": {
        "level": null,
        "code": 407,
        "description": null,
        "degree": 39,
        "title": "An\u00e1lisis de Sistemas de Energ\u00eda El\u00e9ctrica"
    },
    "model": "caluny.subject",
    "pk": 1894
},
{
    "fields": {
        "level": null,
        "code": 406,
        "description": null,
        "degree": 39,
        "title": "Instalaciones y L\u00edneas El\u00e9ctricas de Alta Tensi\u00f3n"
    },
    "model": "caluny.subject",
    "pk": 1895
},
{
    "fields": {
        "level": null,
        "code": 405,
        "description": null,
        "degree": 39,
        "title": "Ingenier\u00eda de Control"
    },
    "model": "caluny.subject",
    "pk": 1896
},
{
    "fields": {
        "level": null,
        "code": 404,
        "description": null,
        "degree": 39,
        "title": "Generaci\u00f3n El\u00e9ctrica con Energ\u00edas Renovables"
    },
    "model": "caluny.subject",
    "pk": 1897
},
{
    "fields": {
        "level": null,
        "code": 403,
        "description": null,
        "degree": 39,
        "title": "Electr\u00f3nica Industrial Aplicada"
    },
    "model": "caluny.subject",
    "pk": 1898
},
{
    "fields": {
        "level": null,
        "code": 402,
        "description": null,
        "degree": 39,
        "title": "Centrales El\u00e9ctricas"
    },
    "model": "caluny.subject",
    "pk": 1899
},
{
    "fields": {
        "level": null,
        "code": 401,
        "description": null,
        "degree": 39,
        "title": "Accionamientos El\u00e9ctricos"
    },
    "model": "caluny.subject",
    "pk": 1900
},
{
    "fields": {
        "level": null,
        "code": 409,
        "description": null,
        "degree": 39,
        "title": "Equipos Electr\u00f3nicos de Medida"
    },
    "model": "caluny.subject",
    "pk": 1901
},
{
    "fields": {
        "level": null,
        "code": 408,
        "description": null,
        "degree": 39,
        "title": "Dise\u00f1o y An\u00e1lisis Estructural Asistido"
    },
    "model": "caluny.subject",
    "pk": 1902
},
{
    "fields": {
        "level": null,
        "code": 410,
        "description": null,
        "degree": 39,
        "title": "Explotaci\u00f3n de los Sistemas de Energ\u00eda El\u00e9ctrica"
    },
    "model": "caluny.subject",
    "pk": 1903
},
{
    "fields": {
        "level": null,
        "code": 411,
        "description": null,
        "degree": 39,
        "title": "Programaci\u00f3n de Robots industriales"
    },
    "model": "caluny.subject",
    "pk": 1904
},
{
    "fields": {
        "level": null,
        "code": 412,
        "description": null,
        "degree": 39,
        "title": "Trabajo Fin de Grado (Ingenier\u00eda El\u00e9ctrica)"
    },
    "model": "caluny.subject",
    "pk": 1905
},
{
    "fields": {
        "level": null,
        "code": 308,
        "description": null,
        "degree": 39,
        "title": "Administraci\u00f3n de Operaciones"
    },
    "model": "caluny.subject",
    "pk": 1906
},
{
    "fields": {
        "level": null,
        "code": 313,
        "description": null,
        "degree": 39,
        "title": "Oficina T\u00e9cnica"
    },
    "model": "caluny.subject",
    "pk": 1907
},
{
    "fields": {
        "level": null,
        "code": 312,
        "description": null,
        "degree": 39,
        "title": "M\u00e1quinas El\u00e9ctricas 2"
    },
    "model": "caluny.subject",
    "pk": 1908
},
{
    "fields": {
        "level": null,
        "code": 311,
        "description": null,
        "degree": 39,
        "title": "Mantenimiento Industrial"
    },
    "model": "caluny.subject",
    "pk": 1909
},
{
    "fields": {
        "level": null,
        "code": 310,
        "description": null,
        "degree": 39,
        "title": "Instalaciones El\u00e9ctricas en Baja y Media Tensi\u00f3n"
    },
    "model": "caluny.subject",
    "pk": 1910
},
{
    "fields": {
        "level": null,
        "code": 314,
        "description": null,
        "degree": 39,
        "title": "T\u00e9cnicas de Iluminaci\u00f3n y Dom\u00f3tica"
    },
    "model": "caluny.subject",
    "pk": 1911
},
{
    "fields": {
        "level": null,
        "code": 110,
        "description": null,
        "degree": 39,
        "title": "Qu\u00edmica"
    },
    "model": "caluny.subject",
    "pk": 1912
},
{
    "fields": {
        "level": null,
        "code": 301,
        "description": null,
        "degree": 39,
        "title": "An\u00e1lisis de Redes El\u00e9ctricas"
    },
    "model": "caluny.subject",
    "pk": 1913
},
{
    "fields": {
        "level": null,
        "code": 201,
        "description": null,
        "degree": 39,
        "title": "Ampliaci\u00f3n de F\u00edsica"
    },
    "model": "caluny.subject",
    "pk": 1914
},
{
    "fields": {
        "level": null,
        "code": 309,
        "description": null,
        "degree": 39,
        "title": "Ingenier\u00eda Gr\u00e1fica El\u00e9ctrica y Topograf\u00eda"
    },
    "model": "caluny.subject",
    "pk": 1915
},
{
    "fields": {
        "level": null,
        "code": 203,
        "description": null,
        "degree": 39,
        "title": "Ingl\u00e9s aplicado a la ingenier\u00eda el\u00e9ctrica"
    },
    "model": "caluny.subject",
    "pk": 1916
},
{
    "fields": {
        "level": null,
        "code": 202,
        "description": null,
        "degree": 39,
        "title": "Ingenier\u00eda de Fabricaci\u00f3n"
    },
    "model": "caluny.subject",
    "pk": 1917
},
{
    "fields": {
        "level": null,
        "code": 205,
        "description": null,
        "degree": 39,
        "title": "Sistemas Inform\u00e1ticos"
    },
    "model": "caluny.subject",
    "pk": 1918
},
{
    "fields": {
        "level": null,
        "code": 204,
        "description": null,
        "degree": 39,
        "title": "Resistencia de Materiales"
    },
    "model": "caluny.subject",
    "pk": 1919
},
{
    "fields": {
        "level": null,
        "code": 207,
        "description": null,
        "degree": 39,
        "title": "Termotecnia"
    },
    "model": "caluny.subject",
    "pk": 1920
},
{
    "fields": {
        "level": null,
        "code": 206,
        "description": null,
        "degree": 39,
        "title": "Teor\u00eda de M\u00e1quinas"
    },
    "model": "caluny.subject",
    "pk": 1921
},
{
    "fields": {
        "level": null,
        "code": 209,
        "description": null,
        "degree": 39,
        "title": "Ciencia de los Materiales"
    },
    "model": "caluny.subject",
    "pk": 1922
},
{
    "fields": {
        "level": null,
        "code": 208,
        "description": null,
        "degree": 39,
        "title": "Autom\u00e1tica"
    },
    "model": "caluny.subject",
    "pk": 1923
},
{
    "fields": {
        "level": null,
        "code": 302,
        "description": null,
        "degree": 39,
        "title": "Elementos de Tecnolog\u00eda El\u00e9ctrica"
    },
    "model": "caluny.subject",
    "pk": 1924
},
{
    "fields": {
        "level": null,
        "code": 303,
        "description": null,
        "degree": 39,
        "title": "Medidas El\u00e9ctricas"
    },
    "model": "caluny.subject",
    "pk": 1925
},
{
    "fields": {
        "level": null,
        "code": 304,
        "description": null,
        "degree": 39,
        "title": "Motores T\u00e9rmicos"
    },
    "model": "caluny.subject",
    "pk": 1926
},
{
    "fields": {
        "level": null,
        "code": 305,
        "description": null,
        "degree": 39,
        "title": "M\u00e1quinas El\u00e9ctricas 1"
    },
    "model": "caluny.subject",
    "pk": 1927
},
{
    "fields": {
        "level": null,
        "code": 306,
        "description": null,
        "degree": 39,
        "title": "Regulaci\u00f3n Autom\u00e1tica"
    },
    "model": "caluny.subject",
    "pk": 1928
},
{
    "fields": {
        "level": null,
        "code": 307,
        "description": null,
        "degree": 39,
        "title": "Seguridad y Salud Laboral"
    },
    "model": "caluny.subject",
    "pk": 1929
},
{
    "fields": {
        "level": null,
        "code": 108,
        "description": null,
        "degree": 39,
        "title": "F\u00edsica 2"
    },
    "model": "caluny.subject",
    "pk": 1930
},
{
    "fields": {
        "level": null,
        "code": 109,
        "description": null,
        "degree": 39,
        "title": "Gesti\u00f3n de Empresas"
    },
    "model": "caluny.subject",
    "pk": 1931
},
{
    "fields": {
        "level": null,
        "code": 102,
        "description": null,
        "degree": 39,
        "title": "C\u00e1lculo"
    },
    "model": "caluny.subject",
    "pk": 1932
},
{
    "fields": {
        "level": null,
        "code": 103,
        "description": null,
        "degree": 39,
        "title": "Expresi\u00f3n Gr\u00e1fica en la Ingenier\u00eda"
    },
    "model": "caluny.subject",
    "pk": 1933
},
{
    "fields": {
        "level": null,
        "code": 101,
        "description": null,
        "degree": 39,
        "title": "\u00c1lgebra Lineal"
    },
    "model": "caluny.subject",
    "pk": 1934
},
{
    "fields": {
        "level": null,
        "code": 106,
        "description": null,
        "degree": 39,
        "title": "Ampliaci\u00f3n de C\u00e1lculo"
    },
    "model": "caluny.subject",
    "pk": 1935
},
{
    "fields": {
        "level": null,
        "code": 107,
        "description": null,
        "degree": 39,
        "title": "An\u00e1lisis Vectorial y Estad\u00edstico"
    },
    "model": "caluny.subject",
    "pk": 1936
},
{
    "fields": {
        "level": null,
        "code": 104,
        "description": null,
        "degree": 39,
        "title": "Fundamentos de Inform\u00e1tica"
    },
    "model": "caluny.subject",
    "pk": 1937
},
{
    "fields": {
        "level": null,
        "code": 105,
        "description": null,
        "degree": 39,
        "title": "F\u00edsica 1"
    },
    "model": "caluny.subject",
    "pk": 1938
},
{
    "fields": {
        "name": "A"
    },
    "model": "caluny.courselabel",
    "pk": 1
},
{
    "fields": {
        "name": "B"
    },
    "model": "caluny.courselabel",
    "pk": 2
},
{
    "fields": {
        "name": "C"
    },
    "model": "caluny.courselabel",
    "pk": 3
},
{
    "fields": {
        "name": "D"
    },
    "model": "caluny.courselabel",
    "pk": 4
},
{
    "fields": {
        "name": "A (MSI)"
    },
    "model": "caluny.courselabel",
    "pk": 5
},
{
    "fields": {
        "name": "A (MC)"
    },
    "model": "caluny.courselabel",
    "pk": 6
},
{
    "fields": {
        "name": "A (MTI)"
    },
    "model": "caluny.courselabel",
    "pk": 7
},
{
    "fields": {
        "name": "Optativas"
    },
    "model": "caluny.courselabel",
    "pk": 8
},
{
    "fields": {
        "date": "2014-09-29"
    },
    "model": "caluny.semesterdate",
    "pk": 1
},
{
    "fields": {
        "date": "2015-01-04"
    },
    "model": "caluny.semesterdate",
    "pk": 2
},
{
    "fields": {
        "date": "2015-02-17"
    },
    "model": "caluny.semesterdate",
    "pk": 3
},
{
    "fields": {
        "date": "2015-06-05"
    },
    "model": "caluny.semesterdate",
    "pk": 4
},
{
    "fields": {
        "date": "2014-09-14"
    },
    "model": "caluny.semesterdate",
    "pk": 5
},
{
    "fields": {
        "date": "2015-01-09"
    },
    "model": "caluny.semesterdate",
    "pk": 6
},
{
    "fields": {
        "degree": 30,
        "language": "es",
        "level": 1,
        "second_semester_end": 4,
        "label": 2,
        "second_semester_start": 3,
        "first_semester_end": 6,
        "first_semester_start": 5
    },
    "model": "caluny.course",
    "pk": 1
},
{
    "fields": {
        "degree": 30,
        "language": "es",
        "level": 1,
        "second_semester_end": 4,
        "label": 1,
        "second_semester_start": 3,
        "first_semester_end": 6,
        "first_semester_start": 5
    },
    "model": "caluny.course",
    "pk": 2
},
{
    "fields": {
        "degree": 30,
        "language": "es",
        "level": 1,
        "second_semester_end": 4,
        "label": 3,
        "second_semester_start": 3,
        "first_semester_end": 6,
        "first_semester_start": 5
    },
    "model": "caluny.course",
    "pk": 3
},
{
    "fields": {
        "degree": 30,
        "language": "es",
        "level": 2,
        "second_semester_end": 4,
        "label": 3,
        "second_semester_start": 3,
        "first_semester_end": 2,
        "first_semester_start": 1
    },
    "model": "caluny.course",
    "pk": 4
},
{
    "fields": {
        "degree": 30,
        "language": "en",
        "level": 2,
        "second_semester_end": 4,
        "label": 2,
        "second_semester_start": 3,
        "first_semester_end": 2,
        "first_semester_start": 1
    },
    "model": "caluny.course",
    "pk": 5
},
{
    "fields": {
        "degree": 30,
        "language": "en",
        "level": 1,
        "second_semester_end": 4,
        "label": 4,
        "second_semester_start": 3,
        "first_semester_end": 6,
        "first_semester_start": 5
    },
    "model": "caluny.course",
    "pk": 6
},
{
    "fields": {
        "degree": 30,
        "language": "es",
        "level": 2,
        "second_semester_end": 4,
        "label": 1,
        "second_semester_start": 3,
        "first_semester_end": 2,
        "first_semester_start": 1
    },
    "model": "caluny.course",
    "pk": 7
},
{
    "fields": {
        "degree": 30,
        "language": "es",
        "level": 3,
        "second_semester_end": 4,
        "label": 1,
        "second_semester_start": 3,
        "first_semester_end": 2,
        "first_semester_start": 1
    },
    "model": "caluny.course",
    "pk": 8
},
{
    "fields": {
        "degree": 30,
        "language": "es",
        "level": 4,
        "second_semester_end": 4,
        "label": 5,
        "second_semester_start": 3,
        "first_semester_end": 2,
        "first_semester_start": 1
    },
    "model": "caluny.course",
    "pk": 9
},
{
    "fields": {
        "degree": 30,
        "language": "es",
        "level": 4,
        "second_semester_end": 4,
        "label": 6,
        "second_semester_start": 3,
        "first_semester_end": 2,
        "first_semester_start": 1
    },
    "model": "caluny.course",
    "pk": 10
},
{
    "fields": {
        "degree": 30,
        "language": "es",
        "level": 4,
        "second_semester_end": 4,
        "label": 7,
        "second_semester_start": 3,
        "first_semester_end": 2,
        "first_semester_start": 1
    },
    "model": "caluny.course",
    "pk": 11
},
{
    "fields": {
        "degree": 30,
        "language": "es",
        "level": null,
        "second_semester_end": 4,
        "label": 8,
        "second_semester_start": 3,
        "first_semester_end": 2,
        "first_semester_start": 1
    },
    "model": "caluny.course",
    "pk": 12
},
{
    "fields": {
        "students": [
            1
        ],
        "course": 2,
        "subject": 1425,
        "teachers": [
            1
        ],
        "address": "Aula 2.0.8"
    },
    "model": "caluny.teachingsubject",
    "pk": 1
},
{
    "fields": {
        "students": [
            1
        ],
        "course": 2,
        "subject": 1578,
        "teachers": [
            1
        ],
        "address": "Aula 2.0.8"
    },
    "model": "caluny.teachingsubject",
    "pk": 2
},
{
    "fields": {
        "students": [],
        "course": 2,
        "subject": 1428,
        "teachers": [],
        "address": "Aula 2.0.8"
    },
    "model": "caluny.teachingsubject",
    "pk": 3
},
{
    "fields": {
        "start_at": "10:45:00",
        "description": "",
        "period": "1",
        "t_subject": 1,
        "week_day": "1",
        "duration": 105
    },
    "model": "caluny.timetable",
    "pk": 1
},
{
    "fields": {
        "start_at": "12:45:00",
        "description": "",
        "period": "1",
        "t_subject": 1,
        "week_day": "2",
        "duration": 105
    },
    "model": "caluny.timetable",
    "pk": 2
},
{
    "fields": {
        "start_at": "08:45:00",
        "description": "",
        "period": "1",
        "t_subject": 1,
        "week_day": "3",
        "duration": 105
    },
    "model": "caluny.timetable",
    "pk": 3
},
{
    "fields": {
        "start_at": "10:45:00",
        "description": "Todo lo que se puede saber y ense\u00f1ar de Matem\u00e1tica discreta",
        "period": "1",
        "t_subject": 2,
        "week_day": "2",
        "duration": 105
    },
    "model": "caluny.timetable",
    "pk": 5
},
{
    "fields": {
        "start_at": "12:45:00",
        "description": "Mas matem\u00e1ticas pero un poco mas tarde y los jueves",
        "period": "1",
        "t_subject": 2,
        "week_day": "4",
        "duration": 105
    },
    "model": "caluny.timetable",
    "pk": 6
},
{
    "fields": {
        "start_at": "12:45:00",
        "description": "",
        "period": "1",
        "t_subject": 2,
        "week_day": "5",
        "duration": 105
    },
    "model": "caluny.timetable",
    "pk": 7
},
{
    "fields": {
        "start_at": "12:45:00",
        "description": "",
        "period": "1",
        "t_subject": 3,
        "week_day": "1",
        "duration": 105
    },
    "model": "caluny.timetable",
    "pk": 8
},
{
    "fields": {
        "start_at": "10:45:00",
        "description": "",
        "period": "1",
        "t_subject": 3,
        "week_day": "3",
        "duration": 105
    },
    "model": "caluny.timetable",
    "pk": 9
},
{
    "fields": {
        "start_at": "08:45:00",
        "description": "k",
        "period": "1",
        "t_subject": 3,
        "week_day": "4",
        "duration": 105
    },
    "model": "caluny.timetable",
    "pk": 10
},
{
    "fields": {
        "codename": "add_logentry",
        "name": "Can add log entry",
        "content_type": 1
    },
    "model": "auth.permission",
    "pk": 1
},
{
    "fields": {
        "codename": "change_logentry",
        "name": "Can change log entry",
        "content_type": 1
    },
    "model": "auth.permission",
    "pk": 2
},
{
    "fields": {
        "codename": "delete_logentry",
        "name": "Can delete log entry",
        "content_type": 1
    },
    "model": "auth.permission",
    "pk": 3
},
{
    "fields": {
        "codename": "add_permission",
        "name": "Can add permission",
        "content_type": 2
    },
    "model": "auth.permission",
    "pk": 4
},
{
    "fields": {
        "codename": "change_permission",
        "name": "Can change permission",
        "content_type": 2
    },
    "model": "auth.permission",
    "pk": 5
},
{
    "fields": {
        "codename": "delete_permission",
        "name": "Can delete permission",
        "content_type": 2
    },
    "model": "auth.permission",
    "pk": 6
},
{
    "fields": {
        "codename": "add_group",
        "name": "Can add group",
        "content_type": 3
    },
    "model": "auth.permission",
    "pk": 7
},
{
    "fields": {
        "codename": "change_group",
        "name": "Can change group",
        "content_type": 3
    },
    "model": "auth.permission",
    "pk": 8
},
{
    "fields": {
        "codename": "delete_group",
        "name": "Can delete group",
        "content_type": 3
    },
    "model": "auth.permission",
    "pk": 9
},
{
    "fields": {
        "codename": "add_user",
        "name": "Can add user",
        "content_type": 4
    },
    "model": "auth.permission",
    "pk": 10
},
{
    "fields": {
        "codename": "change_user",
        "name": "Can change user",
        "content_type": 4
    },
    "model": "auth.permission",
    "pk": 11
},
{
    "fields": {
        "codename": "delete_user",
        "name": "Can delete user",
        "content_type": 4
    },
    "model": "auth.permission",
    "pk": 12
},
{
    "fields": {
        "codename": "add_contenttype",
        "name": "Can add content type",
        "content_type": 5
    },
    "model": "auth.permission",
    "pk": 13
},
{
    "fields": {
        "codename": "change_contenttype",
        "name": "Can change content type",
        "content_type": 5
    },
    "model": "auth.permission",
    "pk": 14
},
{
    "fields": {
        "codename": "delete_contenttype",
        "name": "Can delete content type",
        "content_type": 5
    },
    "model": "auth.permission",
    "pk": 15
},
{
    "fields": {
        "codename": "add_session",
        "name": "Can add session",
        "content_type": 6
    },
    "model": "auth.permission",
    "pk": 16
},
{
    "fields": {
        "codename": "change_session",
        "name": "Can change session",
        "content_type": 6
    },
    "model": "auth.permission",
    "pk": 17
},
{
    "fields": {
        "codename": "delete_session",
        "name": "Can delete session",
        "content_type": 6
    },
    "model": "auth.permission",
    "pk": 18
},
{
    "fields": {
        "codename": "add_level",
        "name": "Can add level",
        "content_type": 7
    },
    "model": "auth.permission",
    "pk": 19
},
{
    "fields": {
        "codename": "change_level",
        "name": "Can change level",
        "content_type": 7
    },
    "model": "auth.permission",
    "pk": 20
},
{
    "fields": {
        "codename": "delete_level",
        "name": "Can delete level",
        "content_type": 7
    },
    "model": "auth.permission",
    "pk": 21
},
{
    "fields": {
        "codename": "add_student",
        "name": "Can add student",
        "content_type": 8
    },
    "model": "auth.permission",
    "pk": 22
},
{
    "fields": {
        "codename": "change_student",
        "name": "Can change student",
        "content_type": 8
    },
    "model": "auth.permission",
    "pk": 23
},
{
    "fields": {
        "codename": "delete_student",
        "name": "Can delete student",
        "content_type": 8
    },
    "model": "auth.permission",
    "pk": 24
},
{
    "fields": {
        "codename": "add_teacher",
        "name": "Can add teacher",
        "content_type": 9
    },
    "model": "auth.permission",
    "pk": 25
},
{
    "fields": {
        "codename": "change_teacher",
        "name": "Can change teacher",
        "content_type": 9
    },
    "model": "auth.permission",
    "pk": 26
},
{
    "fields": {
        "codename": "delete_teacher",
        "name": "Can delete teacher",
        "content_type": 9
    },
    "model": "auth.permission",
    "pk": 27
},
{
    "fields": {
        "codename": "add_course",
        "name": "Can add course",
        "content_type": 10
    },
    "model": "auth.permission",
    "pk": 28
},
{
    "fields": {
        "codename": "change_course",
        "name": "Can change course",
        "content_type": 10
    },
    "model": "auth.permission",
    "pk": 29
},
{
    "fields": {
        "codename": "delete_course",
        "name": "Can delete course",
        "content_type": 10
    },
    "model": "auth.permission",
    "pk": 30
},
{
    "fields": {
        "codename": "add_university",
        "name": "Can add university",
        "content_type": 11
    },
    "model": "auth.permission",
    "pk": 31
},
{
    "fields": {
        "codename": "change_university",
        "name": "Can change university",
        "content_type": 11
    },
    "model": "auth.permission",
    "pk": 32
},
{
    "fields": {
        "codename": "delete_university",
        "name": "Can delete university",
        "content_type": 11
    },
    "model": "auth.permission",
    "pk": 33
},
{
    "fields": {
        "codename": "add_school",
        "name": "Can add school",
        "content_type": 12
    },
    "model": "auth.permission",
    "pk": 34
},
{
    "fields": {
        "codename": "change_school",
        "name": "Can change school",
        "content_type": 12
    },
    "model": "auth.permission",
    "pk": 35
},
{
    "fields": {
        "codename": "delete_school",
        "name": "Can delete school",
        "content_type": 12
    },
    "model": "auth.permission",
    "pk": 36
},
{
    "fields": {
        "codename": "add_degree",
        "name": "Can add degree",
        "content_type": 13
    },
    "model": "auth.permission",
    "pk": 37
},
{
    "fields": {
        "codename": "change_degree",
        "name": "Can change degree",
        "content_type": 13
    },
    "model": "auth.permission",
    "pk": 38
},
{
    "fields": {
        "codename": "delete_degree",
        "name": "Can delete degree",
        "content_type": 13
    },
    "model": "auth.permission",
    "pk": 39
},
{
    "fields": {
        "codename": "add_subject",
        "name": "Can add subject",
        "content_type": 14
    },
    "model": "auth.permission",
    "pk": 40
},
{
    "fields": {
        "codename": "change_subject",
        "name": "Can change subject",
        "content_type": 14
    },
    "model": "auth.permission",
    "pk": 41
},
{
    "fields": {
        "codename": "delete_subject",
        "name": "Can delete subject",
        "content_type": 14
    },
    "model": "auth.permission",
    "pk": 42
},
{
    "fields": {
        "codename": "add_extratitle",
        "name": "Can add extra title",
        "content_type": 15
    },
    "model": "auth.permission",
    "pk": 43
},
{
    "fields": {
        "codename": "change_extratitle",
        "name": "Can change extra title",
        "content_type": 15
    },
    "model": "auth.permission",
    "pk": 44
},
{
    "fields": {
        "codename": "delete_extratitle",
        "name": "Can delete extra title",
        "content_type": 15
    },
    "model": "auth.permission",
    "pk": 45
},
{
    "fields": {
        "codename": "add_teachingsubject",
        "name": "Can add teaching subject",
        "content_type": 16
    },
    "model": "auth.permission",
    "pk": 46
},
{
    "fields": {
        "codename": "change_teachingsubject",
        "name": "Can change teaching subject",
        "content_type": 16
    },
    "model": "auth.permission",
    "pk": 47
},
{
    "fields": {
        "codename": "delete_teachingsubject",
        "name": "Can delete teaching subject",
        "content_type": 16
    },
    "model": "auth.permission",
    "pk": 48
},
{
    "fields": {
        "codename": "add_exam",
        "name": "Can add exam",
        "content_type": 17
    },
    "model": "auth.permission",
    "pk": 49
},
{
    "fields": {
        "codename": "change_exam",
        "name": "Can change exam",
        "content_type": 17
    },
    "model": "auth.permission",
    "pk": 50
},
{
    "fields": {
        "codename": "delete_exam",
        "name": "Can delete exam",
        "content_type": 17
    },
    "model": "auth.permission",
    "pk": 51
},
{
    "fields": {
        "codename": "add_timetable",
        "name": "Can add timetable",
        "content_type": 18
    },
    "model": "auth.permission",
    "pk": 52
},
{
    "fields": {
        "codename": "change_timetable",
        "name": "Can change timetable",
        "content_type": 18
    },
    "model": "auth.permission",
    "pk": 53
},
{
    "fields": {
        "codename": "delete_timetable",
        "name": "Can delete timetable",
        "content_type": 18
    },
    "model": "auth.permission",
    "pk": 54
},
{
    "fields": {
        "codename": "add_courselabel",
        "name": "Can add course label",
        "content_type": 19
    },
    "model": "auth.permission",
    "pk": 55
},
{
    "fields": {
        "codename": "change_courselabel",
        "name": "Can change course label",
        "content_type": 19
    },
    "model": "auth.permission",
    "pk": 56
},
{
    "fields": {
        "codename": "delete_courselabel",
        "name": "Can delete course label",
        "content_type": 19
    },
    "model": "auth.permission",
    "pk": 57
},
{
    "fields": {
        "codename": "add_semesterdate",
        "name": "Can add semester date",
        "content_type": 20
    },
    "model": "auth.permission",
    "pk": 58
},
{
    "fields": {
        "codename": "change_semesterdate",
        "name": "Can change semester date",
        "content_type": 20
    },
    "model": "auth.permission",
    "pk": 59
},
{
    "fields": {
        "codename": "delete_semesterdate",
        "name": "Can delete semester date",
        "content_type": 20
    },
    "model": "auth.permission",
    "pk": 60
},
{
    "fields": {
        "codename": "add_token",
        "name": "Can add token",
        "content_type": 21
    },
    "model": "auth.permission",
    "pk": 61
},
{
    "fields": {
        "codename": "change_token",
        "name": "Can change token",
        "content_type": 21
    },
    "model": "auth.permission",
    "pk": 62
},
{
    "fields": {
        "codename": "delete_token",
        "name": "Can delete token",
        "content_type": 21
    },
    "model": "auth.permission",
    "pk": 63
},
{
    "fields": {
        "username": "tuxskar",
        "first_name": "",
        "last_name": "",
        "is_active": true,
        "is_superuser": true,
        "is_staff": true,
        "last_login": "2014-11-01T12:53:17.408Z",
        "groups": [],
        "user_permissions": [],
        "password": "pbkdf2_sha256$12000$pE53yqs8Ryo6$b/GFYbX9G/WNcPpEc24DRqdxX/aYkDDD1zV6KcnDXoQ=",
        "email": "tux@tux.com",
        "date_joined": "2014-08-25T18:46:33.467Z"
    },
    "model": "auth.user",
    "pk": 1
},
{
    "fields": {
        "username": "pepec",
        "first_name": "",
        "last_name": "",
        "is_active": true,
        "is_superuser": false,
        "is_staff": false,
        "last_login": "2014-09-02T21:42:39.646Z",
        "groups": [],
        "user_permissions": [],
        "password": "pbkdf2_sha256$12000$ucKGcZ3u93ws$1B9C/k2PwA3yzgfnOOZqs8wFgiIxtcpuf/w5txhPL8k=",
        "email": "",
        "date_joined": "2014-09-02T21:42:39.646Z"
    },
    "model": "auth.user",
    "pk": 2
},
{
    "fields": {
        "username": "juanc",
        "first_name": "",
        "last_name": "",
        "is_active": true,
        "is_superuser": false,
        "is_staff": false,
        "last_login": "2014-09-02T21:43:36.195Z",
        "groups": [],
        "user_permissions": [],
        "password": "pbkdf2_sha256$12000$UCPH23gHBI2M$oJOc3q+NrUtHB3OCbx32VkvPaUpS1XuTUxA0TnDv124=",
        "email": "",
        "date_joined": "2014-09-02T21:43:36.195Z"
    },
    "model": "auth.user",
    "pk": 3
},
{
    "fields": {
        "username": "pedros",
        "first_name": "",
        "last_name": "",
        "is_active": true,
        "is_superuser": false,
        "is_staff": false,
        "last_login": "2014-09-02T21:44:56.671Z",
        "groups": [],
        "user_permissions": [],
        "password": "pbkdf2_sha256$12000$ACK5ebVC2qAc$q2MHCkh0wKFbIUHkfPsExzeKTIRdgtAwr2llZZQBaLc=",
        "email": "",
        "date_joined": "2014-09-02T21:44:56.671Z"
    },
    "model": "auth.user",
    "pk": 4
},
{
    "fields": {
        "username": "android",
        "first_name": "",
        "last_name": "",
        "is_active": true,
        "is_superuser": false,
        "is_staff": false,
        "last_login": "2014-11-01T12:37:00.002Z",
        "groups": [],
        "user_permissions": [],
        "password": "pbkdf2_sha256$12000$Y88zJyp9zl1C$UniRWKvAGXDFWKoXWGTG/FWP7dbCDNQNIYHdXmtebEE=",
        "email": "",
        "date_joined": "2014-11-01T12:37:00.002Z"
    },
    "model": "auth.user",
    "pk": 5
},
{
    "fields": {
        "user": 4
    },
    "model": "caluny.student",
    "pk": 1
},
{
    "fields": {
        "dept": "Matem\u00e1tica aplicada a la computaci\u00f3n",
        "user": 2,
        "description": "Doctor en matem\u00e1tica"
    },
    "model": "caluny.teacher",
    "pk": 1
},
{
    "fields": {
        "dept": "Matem\u00e1tica aplicada a la computaci\u00f3n",
        "user": 3,
        "description": "Doctorando en Matem\u00e1tica pero es un coco ya vereis"
    },
    "model": "caluny.teacher",
    "pk": 2
},
{
    "fields": {
        "user": 5,
        "created": "2014-11-01T12:37:02.349Z"
    },
    "model": "authtoken.token",
    "pk": "8749f6bfcea6e76632b36e47e78b8e92391bcc90"
},
{
    "fields": {
        "action_flag": 1,
        "action_time": "2014-08-25T19:10:26.932Z",
        "object_repr": "Universidad de M\u00e1laga of M\u00e1laga",
        "object_id": "1",
        "change_message": "",
        "user": 1,
        "content_type": 11
    },
    "model": "admin.logentry",
    "pk": 1
},
{
    "fields": {
        "action_flag": 1,
        "action_time": "2014-08-30T10:57:08.479Z",
        "object_repr": "1\u00ba",
        "object_id": "1",
        "change_message": "",
        "user": 1,
        "content_type": 7
    },
    "model": "admin.logentry",
    "pk": 2
},
{
    "fields": {
        "action_flag": 1,
        "action_time": "2014-08-30T11:03:01.797Z",
        "object_repr": "1\u00ba A lang: es",
        "object_id": "1",
        "change_message": "",
        "user": 1,
        "content_type": 10
    },
    "model": "admin.logentry",
    "pk": 3
},
{
    "fields": {
        "action_flag": 1,
        "action_time": "2014-08-30T11:08:36.257Z",
        "object_repr": "1\u00ba B lang: es",
        "object_id": "2",
        "change_message": "",
        "user": 1,
        "content_type": 10
    },
    "model": "admin.logentry",
    "pk": 4
},
{
    "fields": {
        "action_flag": 1,
        "action_time": "2014-08-30T11:09:01.220Z",
        "object_repr": "1\u00ba C lang: es",
        "object_id": "3",
        "change_message": "",
        "user": 1,
        "content_type": 10
    },
    "model": "admin.logentry",
    "pk": 5
},
{
    "fields": {
        "action_flag": 1,
        "action_time": "2014-08-30T11:10:19.957Z",
        "object_repr": "2\u00ba",
        "object_id": "2",
        "change_message": "",
        "user": 1,
        "content_type": 7
    },
    "model": "admin.logentry",
    "pk": 6
},
{
    "fields": {
        "action_flag": 1,
        "action_time": "2014-08-30T11:10:27.921Z",
        "object_repr": "3\u00ba",
        "object_id": "3",
        "change_message": "",
        "user": 1,
        "content_type": 7
    },
    "model": "admin.logentry",
    "pk": 7
},
{
    "fields": {
        "action_flag": 1,
        "action_time": "2014-08-30T11:10:32.748Z",
        "object_repr": "4\u00ba",
        "object_id": "4",
        "change_message": "",
        "user": 1,
        "content_type": 7
    },
    "model": "admin.logentry",
    "pk": 8
},
{
    "fields": {
        "action_flag": 1,
        "action_time": "2014-08-30T11:13:29.971Z",
        "object_repr": "2\u00ba A (Espa\u00f1ol) lang: es",
        "object_id": "4",
        "change_message": "",
        "user": 1,
        "content_type": 10
    },
    "model": "admin.logentry",
    "pk": 9
},
{
    "fields": {
        "action_flag": 1,
        "action_time": "2014-08-30T11:14:24.826Z",
        "object_repr": "2\u00ba B (English) lang: en",
        "object_id": "5",
        "change_message": "",
        "user": 1,
        "content_type": 10
    },
    "model": "admin.logentry",
    "pk": 10
},
{
    "fields": {
        "action_flag": 1,
        "action_time": "2014-08-30T11:15:09.888Z",
        "object_repr": "1\u00ba D lang: en",
        "object_id": "6",
        "change_message": "",
        "user": 1,
        "content_type": 10
    },
    "model": "admin.logentry",
    "pk": 11
},
{
    "fields": {
        "action_flag": 1,
        "action_time": "2014-08-30T11:15:59.600Z",
        "object_repr": "2\u00ba C lang: es",
        "object_id": "7",
        "change_message": "",
        "user": 1,
        "content_type": 10
    },
    "model": "admin.logentry",
    "pk": 12
},
{
    "fields": {
        "action_flag": 1,
        "action_time": "2014-08-30T11:16:25.578Z",
        "object_repr": "3\u00ba A lang: es",
        "object_id": "8",
        "change_message": "",
        "user": 1,
        "content_type": 10
    },
    "model": "admin.logentry",
    "pk": 13
},
{
    "fields": {
        "action_flag": 1,
        "action_time": "2014-08-30T11:31:50.154Z",
        "object_repr": "B",
        "object_id": "2",
        "change_message": "",
        "user": 1,
        "content_type": 19
    },
    "model": "admin.logentry",
    "pk": 14
},
{
    "fields": {
        "action_flag": 1,
        "action_time": "2014-08-30T11:31:55.683Z",
        "object_repr": "C",
        "object_id": "3",
        "change_message": "",
        "user": 1,
        "content_type": 19
    },
    "model": "admin.logentry",
    "pk": 15
},
{
    "fields": {
        "action_flag": 1,
        "action_time": "2014-08-30T11:32:05.018Z",
        "object_repr": "D",
        "object_id": "4",
        "change_message": "",
        "user": 1,
        "content_type": 19
    },
    "model": "admin.logentry",
    "pk": 16
},
{
    "fields": {
        "action_flag": 1,
        "action_time": "2014-08-30T11:32:13.451Z",
        "object_repr": "A (MSI)",
        "object_id": "5",
        "change_message": "",
        "user": 1,
        "content_type": 19
    },
    "model": "admin.logentry",
    "pk": 17
},
{
    "fields": {
        "action_flag": 1,
        "action_time": "2014-08-30T11:33:33.476Z",
        "object_repr": "A (MC)",
        "object_id": "6",
        "change_message": "",
        "user": 1,
        "content_type": 19
    },
    "model": "admin.logentry",
    "pk": 18
},
{
    "fields": {
        "action_flag": 1,
        "action_time": "2014-08-30T11:33:40.253Z",
        "object_repr": "A (MTI)",
        "object_id": "7",
        "change_message": "",
        "user": 1,
        "content_type": 19
    },
    "model": "admin.logentry",
    "pk": 19
},
{
    "fields": {
        "action_flag": 1,
        "action_time": "2014-08-30T11:34:13.202Z",
        "object_repr": "Optativas",
        "object_id": "8",
        "change_message": "",
        "user": 1,
        "content_type": 19
    },
    "model": "admin.logentry",
    "pk": 20
},
{
    "fields": {
        "action_flag": 2,
        "action_time": "2014-08-30T11:35:45.212Z",
        "object_repr": "1\u00ba B lang: es",
        "object_id": "1",
        "change_message": "Changed label.",
        "user": 1,
        "content_type": 10
    },
    "model": "admin.logentry",
    "pk": 21
},
{
    "fields": {
        "action_flag": 2,
        "action_time": "2014-08-30T11:35:59.850Z",
        "object_repr": "1\u00ba C lang: es",
        "object_id": "3",
        "change_message": "Changed label.",
        "user": 1,
        "content_type": 10
    },
    "model": "admin.logentry",
    "pk": 22
},
{
    "fields": {
        "action_flag": 2,
        "action_time": "2014-08-30T11:36:11.066Z",
        "object_repr": "1\u00ba D lang: en",
        "object_id": "6",
        "change_message": "Changed label.",
        "user": 1,
        "content_type": 10
    },
    "model": "admin.logentry",
    "pk": 23
},
{
    "fields": {
        "action_flag": 2,
        "action_time": "2014-08-30T11:36:47.685Z",
        "object_repr": "2\u00ba B lang: en",
        "object_id": "5",
        "change_message": "Changed label.",
        "user": 1,
        "content_type": 10
    },
    "model": "admin.logentry",
    "pk": 24
},
{
    "fields": {
        "action_flag": 2,
        "action_time": "2014-08-30T11:36:56.673Z",
        "object_repr": "2\u00ba C lang: es",
        "object_id": "4",
        "change_message": "Changed label.",
        "user": 1,
        "content_type": 10
    },
    "model": "admin.logentry",
    "pk": 25
},
{
    "fields": {
        "action_flag": 1,
        "action_time": "2014-08-30T11:37:28.266Z",
        "object_repr": "4\u00ba A (MSI) lang: es",
        "object_id": "9",
        "change_message": "",
        "user": 1,
        "content_type": 10
    },
    "model": "admin.logentry",
    "pk": 26
},
{
    "fields": {
        "action_flag": 1,
        "action_time": "2014-08-30T11:37:46.459Z",
        "object_repr": "4\u00ba A (MC) lang: es",
        "object_id": "10",
        "change_message": "",
        "user": 1,
        "content_type": 10
    },
    "model": "admin.logentry",
    "pk": 27
},
{
    "fields": {
        "action_flag": 1,
        "action_time": "2014-08-30T11:38:41.529Z",
        "object_repr": "4\u00ba A (MTI) lang: es",
        "object_id": "11",
        "change_message": "",
        "user": 1,
        "content_type": 10
    },
    "model": "admin.logentry",
    "pk": 28
},
{
    "fields": {
        "action_flag": 1,
        "action_time": "2014-08-30T11:39:01.673Z",
        "object_repr": "None Optativas lang: es",
        "object_id": "12",
        "change_message": "",
        "user": 1,
        "content_type": 10
    },
    "model": "admin.logentry",
    "pk": 29
},
{
    "fields": {
        "action_flag": 1,
        "action_time": "2014-08-30T12:16:00.372Z",
        "object_repr": "SemesterDate object",
        "object_id": "1",
        "change_message": "",
        "user": 1,
        "content_type": 20
    },
    "model": "admin.logentry",
    "pk": 30
},
{
    "fields": {
        "action_flag": 1,
        "action_time": "2014-08-30T12:18:42.386Z",
        "object_repr": "04-01-2015",
        "object_id": "2",
        "change_message": "",
        "user": 1,
        "content_type": 20
    },
    "model": "admin.logentry",
    "pk": 31
},
{
    "fields": {
        "action_flag": 1,
        "action_time": "2014-08-30T12:19:01.375Z",
        "object_repr": "17-02-2015",
        "object_id": "3",
        "change_message": "",
        "user": 1,
        "content_type": 20
    },
    "model": "admin.logentry",
    "pk": 32
},
{
    "fields": {
        "action_flag": 1,
        "action_time": "2014-08-30T12:19:19.156Z",
        "object_repr": "05-06-2015",
        "object_id": "4",
        "change_message": "",
        "user": 1,
        "content_type": 20
    },
    "model": "admin.logentry",
    "pk": 33
},
{
    "fields": {
        "action_flag": 2,
        "action_time": "2014-08-30T12:19:21.834Z",
        "object_repr": "4\u00ba A (MTI) lang: es",
        "object_id": "11",
        "change_message": "Changed first_semester_start, first_semester_end, second_semester_start and second_semester_end.",
        "user": 1,
        "content_type": 10
    },
    "model": "admin.logentry",
    "pk": 34
},
{
    "fields": {
        "action_flag": 2,
        "action_time": "2014-08-30T12:23:06.205Z",
        "object_repr": "2\u00ba B lang: en",
        "object_id": "5",
        "change_message": "No fields changed.",
        "user": 1,
        "content_type": 10
    },
    "model": "admin.logentry",
    "pk": 35
},
{
    "fields": {
        "action_flag": 1,
        "action_time": "2014-08-30T12:24:07.998Z",
        "object_repr": "14-09-2014",
        "object_id": "5",
        "change_message": "",
        "user": 1,
        "content_type": 20
    },
    "model": "admin.logentry",
    "pk": 36
},
{
    "fields": {
        "action_flag": 1,
        "action_time": "2014-08-30T12:24:29.889Z",
        "object_repr": "15-01-2015",
        "object_id": "6",
        "change_message": "",
        "user": 1,
        "content_type": 20
    },
    "model": "admin.logentry",
    "pk": 37
},
{
    "fields": {
        "action_flag": 2,
        "action_time": "2014-08-30T12:24:35.228Z",
        "object_repr": "1\u00ba C lang: es",
        "object_id": "3",
        "change_message": "Changed first_semester_start and first_semester_end.",
        "user": 1,
        "content_type": 10
    },
    "model": "admin.logentry",
    "pk": 38
},
{
    "fields": {
        "action_flag": 2,
        "action_time": "2014-08-30T12:26:19.908Z",
        "object_repr": "1\u00ba A lang: es",
        "object_id": "2",
        "change_message": "No fields changed.",
        "user": 1,
        "content_type": 10
    },
    "model": "admin.logentry",
    "pk": 39
},
{
    "fields": {
        "action_flag": 2,
        "action_time": "2014-08-30T12:29:39.215Z",
        "object_repr": "1\u00ba B lang: es",
        "object_id": "1",
        "change_message": "No fields changed.",
        "user": 1,
        "content_type": 10
    },
    "model": "admin.logentry",
    "pk": 40
},
{
    "fields": {
        "action_flag": 1,
        "action_time": "2014-09-02T21:34:20.358Z",
        "object_repr": "101 C\u00e1lculo para la Computaci\u00f3n 1\u00ba A",
        "object_id": "1",
        "change_message": "",
        "user": 1,
        "content_type": 16
    },
    "model": "admin.logentry",
    "pk": 41
},
{
    "fields": {
        "action_flag": 1,
        "action_time": "2014-09-02T21:36:45.244Z",
        "object_repr": "101 C\u00e1lculo para la Computaci\u00f3n 1\u00ba A 10:45:00 1",
        "object_id": "1",
        "change_message": "",
        "user": 1,
        "content_type": 18
    },
    "model": "admin.logentry",
    "pk": 42
},
{
    "fields": {
        "action_flag": 1,
        "action_time": "2014-09-02T21:37:19.733Z",
        "object_repr": "101 C\u00e1lculo para la Computaci\u00f3n 1\u00ba A 12:45:00 2",
        "object_id": "2",
        "change_message": "",
        "user": 1,
        "content_type": 18
    },
    "model": "admin.logentry",
    "pk": 43
},
{
    "fields": {
        "action_flag": 1,
        "action_time": "2014-09-02T21:37:41.042Z",
        "object_repr": "101 C\u00e1lculo para la Computaci\u00f3n 1\u00ba A 08:45:00 3",
        "object_id": "3",
        "change_message": "",
        "user": 1,
        "content_type": 18
    },
    "model": "admin.logentry",
    "pk": 44
},
{
    "fields": {
        "action_flag": 1,
        "action_time": "2014-09-02T21:42:39.701Z",
        "object_repr": "pepec",
        "object_id": "2",
        "change_message": "",
        "user": 1,
        "content_type": 4
    },
    "model": "admin.logentry",
    "pk": 45
},
{
    "fields": {
        "action_flag": 1,
        "action_time": "2014-09-02T21:43:21.579Z",
        "object_repr": "pepec",
        "object_id": "1",
        "change_message": "",
        "user": 1,
        "content_type": 9
    },
    "model": "admin.logentry",
    "pk": 46
},
{
    "fields": {
        "action_flag": 1,
        "action_time": "2014-09-02T21:43:36.247Z",
        "object_repr": "juanc",
        "object_id": "3",
        "change_message": "",
        "user": 1,
        "content_type": 4
    },
    "model": "admin.logentry",
    "pk": 47
},
{
    "fields": {
        "action_flag": 1,
        "action_time": "2014-09-02T21:43:58.700Z",
        "object_repr": "juanc",
        "object_id": "2",
        "change_message": "",
        "user": 1,
        "content_type": 9
    },
    "model": "admin.logentry",
    "pk": 48
},
{
    "fields": {
        "action_flag": 2,
        "action_time": "2014-09-02T21:44:15.775Z",
        "object_repr": "101 C\u00e1lculo para la Computaci\u00f3n 1\u00ba A",
        "object_id": "1",
        "change_message": "Changed teachers.",
        "user": 1,
        "content_type": 16
    },
    "model": "admin.logentry",
    "pk": 49
},
{
    "fields": {
        "action_flag": 1,
        "action_time": "2014-09-02T21:44:56.726Z",
        "object_repr": "pedros",
        "object_id": "4",
        "change_message": "",
        "user": 1,
        "content_type": 4
    },
    "model": "admin.logentry",
    "pk": 50
},
{
    "fields": {
        "action_flag": 1,
        "action_time": "2014-09-02T21:45:19.620Z",
        "object_repr": "pedros",
        "object_id": "1",
        "change_message": "",
        "user": 1,
        "content_type": 8
    },
    "model": "admin.logentry",
    "pk": 51
},
{
    "fields": {
        "action_flag": 2,
        "action_time": "2014-09-02T21:45:36.250Z",
        "object_repr": "101 C\u00e1lculo para la Computaci\u00f3n 1\u00ba A",
        "object_id": "1",
        "change_message": "Changed students.",
        "user": 1,
        "content_type": 16
    },
    "model": "admin.logentry",
    "pk": 52
},
{
    "fields": {
        "action_flag": 1,
        "action_time": "2014-09-15T18:53:12.603Z",
        "object_repr": "101 C\u00e1lculo para la Computaci\u00f3n 1\u00ba A 10:45:00 Tuesday",
        "object_id": "4",
        "change_message": "",
        "user": 1,
        "content_type": 18
    },
    "model": "admin.logentry",
    "pk": 53
},
{
    "fields": {
        "action_flag": 3,
        "action_time": "2014-09-15T18:53:44.615Z",
        "object_repr": "101 C\u00e1lculo para la Computaci\u00f3n 1\u00ba A 10:45:00 Tuesday",
        "object_id": "4",
        "change_message": "",
        "user": 1,
        "content_type": 18
    },
    "model": "admin.logentry",
    "pk": 54
},
{
    "fields": {
        "action_flag": 1,
        "action_time": "2014-09-15T18:55:30.674Z",
        "object_repr": "105 Matem\u00e1tica Discreta 1\u00ba A",
        "object_id": "2",
        "change_message": "",
        "user": 1,
        "content_type": 16
    },
    "model": "admin.logentry",
    "pk": 55
},
{
    "fields": {
        "action_flag": 1,
        "action_time": "2014-09-15T18:56:20.466Z",
        "object_repr": "104 Fundamentos de la Programaci\u00f3n 1\u00ba A",
        "object_id": "3",
        "change_message": "",
        "user": 1,
        "content_type": 16
    },
    "model": "admin.logentry",
    "pk": 56
},
{
    "fields": {
        "action_flag": 1,
        "action_time": "2014-09-15T18:57:31.740Z",
        "object_repr": "105 Matem\u00e1tica Discreta 1\u00ba A 10:45:00 Tuesday",
        "object_id": "5",
        "change_message": "",
        "user": 1,
        "content_type": 18
    },
    "model": "admin.logentry",
    "pk": 57
},
{
    "fields": {
        "action_flag": 1,
        "action_time": "2014-09-15T18:58:02.920Z",
        "object_repr": "105 Matem\u00e1tica Discreta 1\u00ba A 12:45:00 Thursday",
        "object_id": "6",
        "change_message": "",
        "user": 1,
        "content_type": 18
    },
    "model": "admin.logentry",
    "pk": 58
},
{
    "fields": {
        "action_flag": 1,
        "action_time": "2014-09-15T18:58:22.826Z",
        "object_repr": "105 Matem\u00e1tica Discreta 1\u00ba A 12:45:00 Friday",
        "object_id": "7",
        "change_message": "",
        "user": 1,
        "content_type": 18
    },
    "model": "admin.logentry",
    "pk": 59
},
{
    "fields": {
        "action_flag": 1,
        "action_time": "2014-09-15T18:58:46.940Z",
        "object_repr": "104 Fundamentos de la Programaci\u00f3n 1\u00ba A 12:45:00 Monday",
        "object_id": "8",
        "change_message": "",
        "user": 1,
        "content_type": 18
    },
    "model": "admin.logentry",
    "pk": 60
},
{
    "fields": {
        "action_flag": 1,
        "action_time": "2014-09-15T18:59:12.914Z",
        "object_repr": "104 Fundamentos de la Programaci\u00f3n 1\u00ba A 10:45:00 Wednesday",
        "object_id": "9",
        "change_message": "",
        "user": 1,
        "content_type": 18
    },
    "model": "admin.logentry",
    "pk": 61
},
{
    "fields": {
        "action_flag": 1,
        "action_time": "2014-09-15T18:59:35.084Z",
        "object_repr": "104 Fundamentos de la Programaci\u00f3n 1\u00ba A 08:45:00 Thursday",
        "object_id": "10",
        "change_message": "",
        "user": 1,
        "content_type": 18
    },
    "model": "admin.logentry",
    "pk": 62
},
{
    "fields": {
        "action_flag": 1,
        "action_time": "2014-11-01T12:37:00.045Z",
        "object_repr": "android",
        "object_id": "5",
        "change_message": "",
        "user": 1,
        "content_type": 4
    },
    "model": "admin.logentry",
    "pk": 63
},
{
    "fields": {
        "action_flag": 1,
        "action_time": "2014-11-01T12:37:02.350Z",
        "object_repr": "8749f6bfcea6e76632b36e47e78b8e92391bcc90",
        "object_id": "8749f6bfcea6e76632b36e47e78b8e92391bcc90",
        "change_message": "",
        "user": 1,
        "content_type": 21
    },
    "model": "admin.logentry",
    "pk": 64
}
]
